0,paths,3.03005
0,colors,2.01734
0,shadows,6.31501
0,frame_time_ms,11.3624
0,virtual_size,983.363
0,allocated_size,1513.87
0,color_size,3365.59
0,color_size undo_redo,0
1,paths,2.59347
1,colors,1.99373
1,shadows,6.23302
1,frame_time_ms,10.8202
1,virtual_size,983.363
1,allocated_size,1513.87
1,color_size,3365.59
1,color_size undo_redo,0
2,paths,2.60374
2,colors,2.02957
2,shadows,6.17683
2,frame_time_ms,10.8101
2,virtual_size,983.363
2,allocated_size,1513.87
2,color_size,3365.59
2,color_size undo_redo,0
3,paths,2.8713
3,colors,2.36749
3,shadows,6.1993
3,frame_time_ms,11.4381
3,virtual_size,983.363
3,allocated_size,1513.87
3,color_size,3365.59
3,color_size undo_redo,0
4,paths,3.17235
4,colors,2.00294
4,shadows,6.44608
4,frame_time_ms,11.6214
4,virtual_size,983.363
4,allocated_size,1513.87
4,color_size,3365.59
4,color_size undo_redo,0
5,paths,2.86208
5,colors,1.99885
5,shadows,6.17062
5,frame_time_ms,11.0316
5,virtual_size,983.363
5,allocated_size,1513.87
5,color_size,3365.59
5,color_size undo_redo,0
6,paths,2.84262
6,colors,2.64397
6,shadows,6.5065
6,frame_time_ms,11.9931
6,virtual_size,983.363
6,allocated_size,1513.87
6,color_size,3365.59
6,color_size undo_redo,0
7,paths,2.83443
7,colors,2.01728
7,shadows,6.27917
7,frame_time_ms,11.1309
7,virtual_size,983.363
7,allocated_size,1513.87
7,color_size,3365.59
7,color_size undo_redo,0
8,paths,3.18861
8,colors,1.98349
8,shadows,6.17034
8,frame_time_ms,11.3424
8,virtual_size,983.363
8,allocated_size,1513.87
8,color_size,3365.59
8,color_size undo_redo,0
9,paths,2.57843
9,colors,2.02838
9,shadows,6.20954
9,frame_time_ms,10.8164
9,virtual_size,983.363
9,allocated_size,1513.87
9,color_size,3365.59
9,color_size undo_redo,0
10,paths,2.84672
10,colors,2.58749
10,shadows,6.16448
10,frame_time_ms,11.5987
10,virtual_size,983.363
10,allocated_size,1513.87
10,color_size,3365.59
10,color_size undo_redo,0
11,paths,3.20208
11,colors,2.00397
11,shadows,6.18701
11,frame_time_ms,11.3931
11,virtual_size,983.363
11,allocated_size,1513.87
11,color_size,3365.59
11,color_size undo_redo,0
12,paths,2.91005
12,colors,2.0263
12,shadows,6.528
12,frame_time_ms,11.4644
12,virtual_size,983.363
12,allocated_size,1513.87
12,color_size,3365.59
12,color_size undo_redo,0
13,paths,2.58253
13,colors,1.99885
13,shadows,6.26586
13,frame_time_ms,10.8472
13,virtual_size,983.363
13,allocated_size,1513.87
13,color_size,3365.59
13,color_size undo_redo,0
14,paths,2.57638
14,colors,2.6153
14,shadows,6.19725
14,frame_time_ms,11.3889
14,virtual_size,983.363
14,allocated_size,1513.87
14,color_size,3365.59
14,color_size undo_redo,0
15,paths,2.83555
15,colors,1.99475
15,shadows,6.33242
15,frame_time_ms,11.1627
15,virtual_size,983.363
15,allocated_size,1513.87
15,color_size,3365.59
15,color_size undo_redo,0
16,paths,2.9551
16,colors,2.01306
16,shadows,6.14592
16,frame_time_ms,11.1141
16,virtual_size,983.363
16,allocated_size,1513.87
16,color_size,3365.59
16,color_size undo_redo,0
17,paths,2.58765
17,colors,2.03059
17,shadows,6.18995
17,frame_time_ms,10.8082
17,virtual_size,983.363
17,allocated_size,1513.87
17,color_size,3365.59
17,color_size undo_redo,0
18,paths,2.59072
18,colors,2.59379
18,shadows,6.35187
18,frame_time_ms,11.5364
18,virtual_size,983.363
18,allocated_size,1513.87
18,color_size,3365.59
18,color_size undo_redo,0
19,paths,3.30445
19,colors,2.0265
19,shadows,6.13786
19,frame_time_ms,11.4688
19,virtual_size,983.363
19,allocated_size,1513.87
19,color_size,3365.59
19,color_size undo_redo,0
20,paths,3.02387
20,colors,2.03776
20,shadows,6.15091
20,frame_time_ms,11.2125
20,virtual_size,983.363
20,allocated_size,1513.87
20,color_size,3365.59
20,color_size undo_redo,0
21,paths,2.87744
21,colors,1.99987
21,shadows,6.2431
21,frame_time_ms,11.1204
21,virtual_size,983.363
21,allocated_size,1513.87
21,color_size,3365.59
21,color_size undo_redo,0
22,paths,2.58662
22,colors,2.61837
22,shadows,6.2208
22,frame_time_ms,11.4258
22,virtual_size,983.363
22,allocated_size,1513.87
22,color_size,3365.59
22,color_size undo_redo,0
23,paths,2.83341
23,colors,2.00192
23,shadows,6.4655
23,frame_time_ms,11.3008
23,virtual_size,983.363
23,allocated_size,1513.87
23,color_size,3365.59
23,color_size undo_redo,0
24,paths,3.20374
24,colors,2.01926
24,shadows,6.39491
24,frame_time_ms,11.6179
24,virtual_size,983.363
24,allocated_size,1513.87
24,color_size,3365.59
24,color_size undo_redo,0
25,paths,2.88666
25,colors,2.00294
25,shadows,6.17267
25,frame_time_ms,11.0623
25,virtual_size,983.363
25,allocated_size,1513.87
25,color_size,3365.59
25,color_size undo_redo,0
26,paths,2.86307
26,colors,2.03878
26,shadows,6.50957
26,frame_time_ms,11.4114
26,virtual_size,983.363
26,allocated_size,1513.87
26,color_size,3365.59
26,color_size undo_redo,0
27,paths,2.5897
27,colors,2.59584
27,shadows,6.76045
27,frame_time_ms,11.946
27,virtual_size,983.363
27,allocated_size,1513.87
27,color_size,3365.59
27,color_size undo_redo,0
28,paths,2.99808
28,colors,2.00294
28,shadows,6.11213
28,frame_time_ms,11.1132
28,virtual_size,983.363
28,allocated_size,1513.87
28,color_size,3365.59
28,color_size undo_redo,0
29,paths,3.01261
29,colors,1.97398
29,shadows,6.11533
29,frame_time_ms,11.1019
29,virtual_size,983.363
29,allocated_size,1513.87
29,color_size,3365.59
29,color_size undo_redo,0
30,paths,2.5559
30,colors,2.01523
30,shadows,6.23309
30,frame_time_ms,10.8042
30,virtual_size,983.363
30,allocated_size,1513.87
30,color_size,3365.59
30,color_size undo_redo,0
31,paths,2.56819
31,colors,2.4911
31,shadows,6.10304
31,frame_time_ms,11.1623
31,virtual_size,983.363
31,allocated_size,1513.87
31,color_size,3365.59
31,color_size undo_redo,0
32,paths,3.16109
32,colors,1.98349
32,shadows,6.17984
32,frame_time_ms,11.3244
32,virtual_size,983.363
32,allocated_size,1513.87
32,color_size,3365.59
32,color_size undo_redo,0
33,paths,2.57024
33,colors,1.97427
33,shadows,6.14707
33,frame_time_ms,10.6916
33,virtual_size,983.363
33,allocated_size,1513.87
33,color_size,3365.59
33,color_size undo_redo,0
34,paths,2.54874
34,colors,2.26886
34,shadows,6.12454
34,frame_time_ms,10.9421
34,virtual_size,983.363
34,allocated_size,1513.87
34,color_size,3365.59
34,color_size undo_redo,0
35,paths,2.87738
35,colors,1.97734
35,shadows,5.85488
35,frame_time_ms,10.7096
35,virtual_size,983.363
35,allocated_size,1513.87
35,color_size,3365.59
35,color_size undo_redo,0
36,paths,3.1447
36,colors,1.98845
36,shadows,6.25459
36,frame_time_ms,11.3877
36,virtual_size,983.363
36,allocated_size,1513.87
36,color_size,3365.59
36,color_size undo_redo,0
37,paths,2.5569
37,colors,1.9689
37,shadows,6.13171
37,frame_time_ms,10.6575
37,virtual_size,983.363
37,allocated_size,1513.87
37,color_size,3365.59
37,color_size undo_redo,0
38,paths,2.55795
38,colors,1.96899
38,shadows,6.23802
38,frame_time_ms,10.765
38,virtual_size,983.363
38,allocated_size,1513.87
38,color_size,3365.59
38,color_size undo_redo,0
39,paths,2.82112
39,colors,2.49549
39,shadows,6.32006
39,frame_time_ms,11.6367
39,virtual_size,983.363
39,allocated_size,1513.87
39,color_size,3365.59
39,color_size undo_redo,0
40,paths,2.78426
40,colors,2.00486
40,shadows,6.1295
40,frame_time_ms,10.9186
40,virtual_size,983.363
40,allocated_size,1513.87
40,color_size,3365.59
40,color_size undo_redo,0
41,paths,2.98496
41,colors,1.96694
41,shadows,6.09456
41,frame_time_ms,11.0465
41,virtual_size,983.363
41,allocated_size,1513.87
41,color_size,3365.59
41,color_size undo_redo,0
42,paths,2.86515
42,colors,2.27021
42,shadows,6.50957
42,frame_time_ms,11.6449
42,virtual_size,983.363
42,allocated_size,1513.87
42,color_size,3365.59
42,color_size undo_redo,0
43,paths,2.5344
43,colors,2.37875
43,shadows,6.12147
43,frame_time_ms,11.0346
43,virtual_size,983.363
43,allocated_size,1513.87
43,color_size,3365.59
43,color_size undo_redo,0
44,paths,2.9993
44,colors,2.0183
44,shadows,6.10406
44,frame_time_ms,11.1217
44,virtual_size,983.363
44,allocated_size,1513.87
44,color_size,3365.59
44,color_size undo_redo,0
45,paths,2.85491
45,colors,2.00806
45,shadows,6.21773
45,frame_time_ms,11.0807
45,virtual_size,983.363
45,allocated_size,1513.87
45,color_size,3365.59
45,color_size undo_redo,0
46,paths,2.84262
46,colors,1.98125
46,shadows,6.16838
46,frame_time_ms,10.9923
46,virtual_size,983.363
46,allocated_size,1513.87
46,color_size,3365.59
46,color_size undo_redo,0
47,paths,2.54141
47,colors,2.30176
47,shadows,6.14605
47,frame_time_ms,10.9892
47,virtual_size,983.363
47,allocated_size,1513.87
47,color_size,3365.59
47,color_size undo_redo,0
48,paths,2.55078
48,colors,2.33882
48,shadows,6.24026
48,frame_time_ms,11.1299
48,virtual_size,983.363
48,allocated_size,1513.87
48,color_size,3365.59
48,color_size undo_redo,0
49,paths,3.18566
49,colors,2.0009
49,shadows,6.18803
49,frame_time_ms,11.3746
49,virtual_size,983.363
49,allocated_size,1513.87
49,color_size,3365.59
49,color_size undo_redo,0
50,paths,2.84262
50,colors,1.9647
50,shadows,6.17882
50,frame_time_ms,10.9861
50,virtual_size,983.363
50,allocated_size,1513.87
50,color_size,3365.59
50,color_size undo_redo,0
51,paths,2.5497
51,colors,1.98963
51,shadows,6.06413
51,frame_time_ms,10.6035
51,virtual_size,983.363
51,allocated_size,1513.87
51,color_size,3365.59
51,color_size undo_redo,0
52,paths,2.82195
52,colors,2.31629
52,shadows,6.144
52,frame_time_ms,11.2822
52,virtual_size,983.363
52,allocated_size,1513.87
52,color_size,3365.59
52,color_size undo_redo,0
53,paths,3.0249
53,colors,1.95994
53,shadows,6.10304
53,frame_time_ms,11.0879
53,virtual_size,983.363
53,allocated_size,1513.87
53,color_size,3365.59
53,color_size undo_redo,0
54,paths,2.54874
54,colors,1.98042
54,shadows,6.11517
54,frame_time_ms,10.6443
54,virtual_size,983.363
54,allocated_size,1513.87
54,color_size,3365.59
54,color_size undo_redo,0
55,paths,2.54669
55,colors,2.28659
55,shadows,6.144
55,frame_time_ms,10.9773
55,virtual_size,983.363
55,allocated_size,1513.87
55,color_size,3365.59
55,color_size undo_redo,0
56,paths,2.52797
56,colors,2.30573
56,shadows,6.23808
56,frame_time_ms,11.0718
56,virtual_size,983.363
56,allocated_size,1513.87
56,color_size,3365.59
56,color_size undo_redo,0
57,paths,3.16179
57,colors,1.96096
57,shadows,6.0312
57,frame_time_ms,11.154
57,virtual_size,983.363
57,allocated_size,1513.87
57,color_size,3365.59
57,color_size undo_redo,0
58,paths,2.85082
58,colors,1.95776
58,shadows,6.12557
58,frame_time_ms,10.9341
58,virtual_size,983.363
58,allocated_size,1513.87
58,color_size,3365.59
58,color_size undo_redo,0
59,paths,2.53338
59,colors,1.94934
59,shadows,6.39283
59,frame_time_ms,10.8756
59,virtual_size,983.363
59,allocated_size,1513.87
59,color_size,3365.59
59,color_size undo_redo,0
60,paths,2.53427
60,colors,2.22618
60,shadows,6.09178
60,frame_time_ms,10.8522
60,virtual_size,983.363
60,allocated_size,1513.87
60,color_size,3365.59
60,color_size undo_redo,0
61,paths,2.816
61,colors,2.33546
61,shadows,6.09555
61,frame_time_ms,11.247
61,virtual_size,983.363
61,allocated_size,1513.87
61,color_size,3365.59
61,color_size undo_redo,0
62,paths,3.15187
62,colors,1.94867
62,shadows,6.07437
62,frame_time_ms,11.1749
62,virtual_size,983.363
62,allocated_size,1513.87
62,color_size,3365.59
62,color_size undo_redo,0
63,paths,2.53952
63,colors,1.94765
63,shadows,6.08675
63,frame_time_ms,10.5739
63,virtual_size,983.363
63,allocated_size,1513.87
63,color_size,3365.59
63,color_size undo_redo,0
64,paths,2.55078
64,colors,1.97091
64,shadows,5.80278
64,frame_time_ms,10.3245
64,virtual_size,983.363
64,allocated_size,1513.87
64,color_size,3365.59
64,color_size undo_redo,0
65,paths,2.51187
65,colors,2.28147
65,shadows,6.08051
65,frame_time_ms,10.8739
65,virtual_size,983.363
65,allocated_size,1513.87
65,color_size,3365.59
65,color_size undo_redo,0
66,paths,2.52621
66,colors,2.27325
66,shadows,6.00781
66,frame_time_ms,10.8073
66,virtual_size,983.363
66,allocated_size,1513.87
66,color_size,3365.59
66,color_size undo_redo,0
67,paths,2.84877
67,colors,1.93536
67,shadows,6.30787
67,frame_time_ms,11.092
67,virtual_size,983.363
67,allocated_size,1513.87
67,color_size,3365.59
67,color_size undo_redo,0
68,paths,2.84774
68,colors,1.93098
68,shadows,6.0488
68,frame_time_ms,10.8275
68,virtual_size,983.363
68,allocated_size,1513.87
68,color_size,3365.59
68,color_size undo_redo,0
69,paths,2.51251
69,colors,1.93331
69,shadows,6.06515
69,frame_time_ms,10.511
69,virtual_size,983.363
69,allocated_size,1513.87
69,color_size,3365.59
69,color_size undo_redo,0
70,paths,2.51597
70,colors,1.9415
70,shadows,6.23523
70,frame_time_ms,10.6927
70,virtual_size,983.363
70,allocated_size,1513.87
70,color_size,3365.59
70,color_size undo_redo,0
71,paths,2.52701
71,colors,2.43379
71,shadows,6.0015
71,frame_time_ms,10.9623
71,virtual_size,983.363
71,allocated_size,1513.87
71,color_size,3365.59
71,color_size undo_redo,0
72,paths,2.82214
72,colors,1.93331
72,shadows,5.72928
72,frame_time_ms,10.4847
72,virtual_size,983.363
72,allocated_size,1513.87
72,color_size,3365.59
72,color_size undo_redo,0
73,paths,2.84058
73,colors,1.91898
73,shadows,6.16144
73,frame_time_ms,10.921
73,virtual_size,983.363
73,allocated_size,1513.87
73,color_size,3365.59
73,color_size undo_redo,0
74,paths,3.18752
74,colors,1.91078
74,shadows,6.13763
74,frame_time_ms,11.2359
74,virtual_size,983.363
74,allocated_size,1513.87
74,color_size,3365.59
74,color_size undo_redo,0
75,paths,2.82915
75,colors,1.89622
75,shadows,6.18694
75,frame_time_ms,10.9123
75,virtual_size,983.363
75,allocated_size,1513.87
75,color_size,3365.59
75,color_size undo_redo,0
76,paths,2.53747
76,colors,1.92608
76,shadows,6.09894
76,frame_time_ms,10.5625
76,virtual_size,983.363
76,allocated_size,1513.87
76,color_size,3365.59
76,color_size undo_redo,0
77,paths,2.51162
77,colors,1.9241
77,shadows,5.74054
77,frame_time_ms,10.1763
77,virtual_size,983.363
77,allocated_size,1513.87
77,color_size,3365.59
77,color_size undo_redo,0
78,paths,2.50867
78,colors,1.94253
78,shadows,6.16858
78,frame_time_ms,10.6198
78,virtual_size,983.363
78,allocated_size,1513.87
78,color_size,3365.59
78,color_size undo_redo,0
79,paths,2.79552
79,colors,2.41254
79,shadows,6.19418
79,frame_time_ms,11.4022
79,virtual_size,983.363
79,allocated_size,1513.87
79,color_size,3365.59
79,color_size undo_redo,0
80,paths,2.78506
80,colors,1.91981
80,shadows,6.03523
80,frame_time_ms,10.7401
80,virtual_size,983.363
80,allocated_size,1513.87
80,color_size,3365.59
80,color_size undo_redo,0
81,paths,3.11706
81,colors,1.90362
81,shadows,6.01469
81,frame_time_ms,11.0354
81,virtual_size,983.363
81,allocated_size,1513.87
81,color_size,3365.59
81,color_size undo_redo,0
82,paths,2.51392
82,colors,1.94765
82,shadows,6.0816
82,frame_time_ms,10.5432
82,virtual_size,983.363
82,allocated_size,1513.87
82,color_size,3365.59
82,color_size undo_redo,0
83,paths,2.4873
83,colors,2.22208
83,shadows,6.00893
83,frame_time_ms,10.7183
83,virtual_size,983.363
83,allocated_size,1513.87
83,color_size,3365.59
83,color_size undo_redo,0
84,paths,2.7945
84,colors,1.90771
84,shadows,6.18778
84,frame_time_ms,10.89
84,virtual_size,983.363
84,allocated_size,1513.87
84,color_size,3365.59
84,color_size undo_redo,0
85,paths,2.88346
85,colors,1.91862
85,shadows,6.03546
85,frame_time_ms,10.8375
85,virtual_size,983.363
85,allocated_size,1513.87
85,color_size,3365.59
85,color_size undo_redo,0
86,paths,2.85286
86,colors,1.89747
86,shadows,6.35802
86,frame_time_ms,11.1084
86,virtual_size,983.363
86,allocated_size,1513.87
86,color_size,3365.59
86,color_size undo_redo,0
87,paths,2.51587
87,colors,1.89133
87,shadows,6.1696
87,frame_time_ms,10.5768
87,virtual_size,983.363
87,allocated_size,1513.87
87,color_size,3365.59
87,color_size undo_redo,0
88,paths,2.47706
88,colors,2.14835
88,shadows,6.0631
88,frame_time_ms,10.6885
88,virtual_size,983.363
88,allocated_size,1513.87
88,color_size,3365.59
88,color_size undo_redo,0
89,paths,2.4576
89,colors,1.86061
89,shadows,6.0672
89,frame_time_ms,10.3854
89,virtual_size,983.363
89,allocated_size,1513.87
89,color_size,3365.59
89,color_size undo_redo,0
90,paths,2.75968
90,colors,1.81965
90,shadows,5.77536
90,frame_time_ms,10.3547
90,virtual_size,983.363
90,allocated_size,1513.87
90,color_size,3365.59
90,color_size undo_redo,0
91,paths,2.70726
91,colors,1.80902
91,shadows,6.27507
91,frame_time_ms,10.7914
91,virtual_size,983.363
91,allocated_size,1513.87
91,color_size,3365.59
91,color_size undo_redo,0
92,paths,2.75536
92,colors,1.78176
92,shadows,6.07642
92,frame_time_ms,10.6135
92,virtual_size,983.363
92,allocated_size,1513.87
92,color_size,3365.59
92,color_size undo_redo,0
93,paths,2.39408
93,colors,1.74797
93,shadows,6.02397
93,frame_time_ms,10.166
93,virtual_size,983.363
93,allocated_size,1513.87
93,color_size,3365.59
93,color_size undo_redo,0
94,paths,2.40026
94,colors,1.77958
94,shadows,6.34163
94,frame_time_ms,10.5215
94,virtual_size,983.363
94,allocated_size,1513.87
94,color_size,3365.59
94,color_size undo_redo,0
95,paths,2.37773
95,colors,1.99987
95,shadows,6.11021
95,frame_time_ms,10.4878
95,virtual_size,983.363
95,allocated_size,1513.87
95,color_size,3365.59
95,color_size undo_redo,0
96,paths,2.64771
96,colors,1.71491
96,shadows,5.59514
96,frame_time_ms,9.95776
96,virtual_size,983.363
96,allocated_size,1513.87
96,color_size,3365.59
96,color_size undo_redo,0
97,paths,2.68083
97,colors,1.67731
97,shadows,5.95328
97,frame_time_ms,10.3114
97,virtual_size,983.363
97,allocated_size,1513.87
97,color_size,3365.59
97,color_size undo_redo,0
98,paths,2.3735
98,colors,1.67002
98,shadows,5.87162
98,frame_time_ms,9.91514
98,virtual_size,983.363
98,allocated_size,1513.87
98,color_size,3365.59
98,color_size undo_redo,0
99,paths,2.36509
99,colors,1.98861
99,shadows,6.00371
99,frame_time_ms,10.3574
99,virtual_size,983.363
99,allocated_size,1513.87
99,color_size,3365.59
99,color_size undo_redo,0
100,paths,2.3417
100,colors,2.00166
100,shadows,6.15021
100,frame_time_ms,10.4936
100,virtual_size,983.363
100,allocated_size,1513.87
100,color_size,3365.59
100,color_size undo_redo,0
101,paths,2.58838
101,colors,1.98554
101,shadows,5.72621
101,frame_time_ms,10.3001
101,virtual_size,983.363
101,allocated_size,1513.87
101,color_size,3365.59
101,color_size undo_redo,0
102,paths,3.12115
102,colors,1.53984
102,shadows,5.67603
102,frame_time_ms,10.337
102,virtual_size,983.363
102,allocated_size,1513.87
102,color_size,3365.59
102,color_size undo_redo,0
103,paths,2.90406
103,colors,1.51654
103,shadows,5.77226
103,frame_time_ms,10.1929
103,virtual_size,983.363
103,allocated_size,1513.87
103,color_size,3365.59
103,color_size undo_redo,0
104,paths,2.91091
104,colors,1.48275
104,shadows,5.70573
104,frame_time_ms,10.0994
104,virtual_size,983.363
104,allocated_size,1513.87
104,color_size,3365.59
104,color_size undo_redo,0
105,paths,2.8784
105,colors,1.48778
105,shadows,5.55418
105,frame_time_ms,9.92035
105,virtual_size,983.363
105,allocated_size,1513.87
105,color_size,3365.59
105,color_size undo_redo,0
106,paths,2.8415
106,colors,1.44998
106,shadows,5.79379
106,frame_time_ms,10.0853
106,virtual_size,983.363
106,allocated_size,1513.87
106,color_size,3365.59
106,color_size undo_redo,0
107,paths,2.86099
107,colors,1.41824
107,shadows,5.48147
107,frame_time_ms,9.7607
107,virtual_size,983.363
107,allocated_size,1513.87
107,color_size,3365.59
107,color_size undo_redo,0
108,paths,3.01466
108,colors,1.4121
108,shadows,5.40355
108,frame_time_ms,9.8303
108,virtual_size,983.363
108,allocated_size,1513.87
108,color_size,3365.59
108,color_size undo_redo,0
109,paths,2.43302
109,colors,1.73232
109,shadows,5.75488
109,frame_time_ms,9.92022
109,virtual_size,983.363
109,allocated_size,1513.87
109,color_size,3365.59
109,color_size undo_redo,0
110,paths,2.44224
110,colors,1.71914
110,shadows,5.30842
110,frame_time_ms,9.46979
110,virtual_size,983.363
110,allocated_size,1513.87
110,color_size,3365.59
110,color_size undo_redo,0
111,paths,2.10739
111,colors,1.83581
111,shadows,4.99098
111,frame_time_ms,8.93418
111,virtual_size,983.363
111,allocated_size,1513.87
111,color_size,3365.59
111,color_size undo_redo,0
112,paths,2.10928
112,colors,1.64147
112,shadows,5.2265
112,frame_time_ms,8.97725
112,virtual_size,983.363
112,allocated_size,1513.87
112,color_size,3365.59
112,color_size undo_redo,0
113,paths,2.12685
113,colors,1.28
113,shadows,5.41184
113,frame_time_ms,8.81869
113,virtual_size,983.363
113,allocated_size,1513.87
113,color_size,3365.59
113,color_size undo_redo,0
114,paths,2.09306
114,colors,1.26435
114,shadows,5.40445
114,frame_time_ms,8.76186
114,virtual_size,983.363
114,allocated_size,1513.87
114,color_size,3365.59
114,color_size undo_redo,0
115,paths,2.83117
115,colors,1.24416
115,shadows,5.19891
115,frame_time_ms,9.27424
115,virtual_size,983.363
115,allocated_size,1513.87
115,color_size,3365.59
115,color_size undo_redo,0
116,paths,2.69293
116,colors,1.21549
116,shadows,5.13126
116,frame_time_ms,9.03968
116,virtual_size,983.363
116,allocated_size,1513.87
116,color_size,3365.59
116,color_size undo_redo,0
117,paths,2.272
117,colors,1.58208
117,shadows,4.97968
117,frame_time_ms,8.83376
117,virtual_size,983.363
117,allocated_size,1513.87
117,color_size,3365.59
117,color_size undo_redo,0
118,paths,2.0695
118,colors,1.15389
118,shadows,4.9664
118,frame_time_ms,8.18979
118,virtual_size,983.363
118,allocated_size,1513.87
118,color_size,3365.59
118,color_size undo_redo,0
119,paths,2.04902
119,colors,1.14272
119,shadows,5.26416
119,frame_time_ms,8.4559
119,virtual_size,983.363
119,allocated_size,1513.87
119,color_size,3365.59
119,color_size undo_redo,0
120,paths,2.52109
120,colors,1.10166
120,shadows,5.19446
120,frame_time_ms,8.81722
120,virtual_size,983.363
120,allocated_size,1513.87
120,color_size,3365.59
120,color_size undo_redo,0
121,paths,2.5792
121,colors,1.06394
121,shadows,4.89574
121,frame_time_ms,8.53888
121,virtual_size,983.363
121,allocated_size,1513.87
121,color_size,3365.59
121,color_size undo_redo,0
122,paths,1.99782
122,colors,1.29434
122,shadows,4.49126
122,frame_time_ms,7.78342
122,virtual_size,983.363
122,allocated_size,1513.87
122,color_size,3365.59
122,color_size undo_redo,0
123,paths,2.28454
123,colors,1.00554
123,shadows,4.74909
123,frame_time_ms,8.03917
123,virtual_size,983.363
123,allocated_size,1513.87
123,color_size,3365.59
123,color_size undo_redo,0
124,paths,2.30298
124,colors,0.984064
124,shadows,4.81587
124,frame_time_ms,8.10291
124,virtual_size,983.363
124,allocated_size,1513.87
124,color_size,3365.59
124,color_size undo_redo,0
125,paths,2.26918
125,colors,0.976896
125,shadows,4.6848
125,frame_time_ms,7.93088
125,virtual_size,983.363
125,allocated_size,1513.87
125,color_size,3365.59
125,color_size undo_redo,0
126,paths,2.01728
126,colors,0.96256
126,shadows,4.70298
126,frame_time_ms,7.68282
126,virtual_size,983.363
126,allocated_size,1513.87
126,color_size,3365.59
126,color_size undo_redo,0
127,paths,2.26406
127,colors,0.951296
127,shadows,4.93363
127,frame_time_ms,8.14899
127,virtual_size,983.363
127,allocated_size,1513.87
127,color_size,3365.59
127,color_size undo_redo,0
128,paths,2.56906
128,colors,0.932768
128,shadows,4.6592
128,frame_time_ms,8.16102
128,virtual_size,983.363
128,allocated_size,1513.87
128,color_size,3365.59
128,color_size undo_redo,0
129,paths,2.0439
129,colors,0.919264
129,shadows,4.33645
129,frame_time_ms,7.29962
129,virtual_size,983.363
129,allocated_size,1513.87
129,color_size,3365.59
129,color_size undo_redo,0
130,paths,2.29258
130,colors,0.891904
130,shadows,4.99498
130,frame_time_ms,8.17946
130,virtual_size,983.363
130,allocated_size,1513.87
130,color_size,3365.59
130,color_size undo_redo,0
131,paths,2.03469
131,colors,0.843488
131,shadows,4.60682
131,frame_time_ms,7.48499
131,virtual_size,983.363
131,allocated_size,1513.87
131,color_size,3365.59
131,color_size undo_redo,0
132,paths,2.0335
132,colors,0.829248
132,shadows,4.63674
132,frame_time_ms,7.49949
132,virtual_size,983.363
132,allocated_size,1513.87
132,color_size,3365.59
132,color_size undo_redo,0
133,paths,2.0224
133,colors,0.81504
133,shadows,4.94694
133,frame_time_ms,7.78438
133,virtual_size,983.363
133,allocated_size,1513.87
133,color_size,3365.59
133,color_size undo_redo,0
134,paths,2.02547
134,colors,0.784384
134,shadows,4.5609
134,frame_time_ms,7.37075
134,virtual_size,983.363
134,allocated_size,1513.87
134,color_size,3365.59
134,color_size undo_redo,0
135,paths,2.0183
135,colors,0.777056
135,shadows,4.89574
135,frame_time_ms,7.6911
135,virtual_size,983.363
135,allocated_size,1513.87
135,color_size,3365.59
135,color_size undo_redo,0
136,paths,2.28762
136,colors,0.766976
136,shadows,4.62643
136,frame_time_ms,7.68102
136,virtual_size,983.363
136,allocated_size,1513.87
136,color_size,3365.59
136,color_size undo_redo,0
137,paths,1.99984
137,colors,0.731136
137,shadows,4.53632
137,frame_time_ms,7.2673
137,virtual_size,983.363
137,allocated_size,1513.87
137,color_size,3365.59
137,color_size undo_redo,0
138,paths,1.97325
138,colors,0.715776
138,shadows,4.79539
138,frame_time_ms,7.48442
138,virtual_size,983.363
138,allocated_size,1513.87
138,color_size,3365.59
138,color_size undo_redo,0
139,paths,1.99373
139,colors,0.694272
139,shadows,4.41037
139,frame_time_ms,7.09837
139,virtual_size,983.363
139,allocated_size,1513.87
139,color_size,3365.59
139,color_size undo_redo,0
140,paths,1.97939
140,colors,0.681984
140,shadows,4.7616
140,frame_time_ms,7.42298
140,virtual_size,983.363
140,allocated_size,1513.87
140,color_size,3365.59
140,color_size undo_redo,0
141,paths,2.24336
141,colors,0.672672
141,shadows,4.37427
141,frame_time_ms,7.2903
141,virtual_size,983.363
141,allocated_size,1513.87
141,color_size,3365.59
141,color_size undo_redo,0
142,paths,1.98832
142,colors,0.659456
142,shadows,4.44621
142,frame_time_ms,7.09398
142,virtual_size,983.363
142,allocated_size,1513.87
142,color_size,3365.59
142,color_size undo_redo,0
143,paths,2.30995
143,colors,0.646144
143,shadows,4.62234
143,frame_time_ms,7.57843
143,virtual_size,983.363
143,allocated_size,1513.87
143,color_size,3365.59
143,color_size undo_redo,0
144,paths,1.99066
144,colors,0.673792
144,shadows,4.15334
144,frame_time_ms,6.81779
144,virtual_size,983.363
144,allocated_size,1513.87
144,color_size,3365.59
144,color_size undo_redo,0
145,paths,1.99744
145,colors,0.62976
145,shadows,4.64691
145,frame_time_ms,7.27411
145,virtual_size,983.363
145,allocated_size,1513.87
145,color_size,3365.59
145,color_size undo_redo,0
146,paths,1.9927
146,colors,0.627424
146,shadows,4.30592
146,frame_time_ms,6.92605
146,virtual_size,983.363
146,allocated_size,1513.87
146,color_size,3365.59
146,color_size undo_redo,0
147,paths,1.9927
147,colors,0.594944
147,shadows,4.7145
147,frame_time_ms,7.30214
147,virtual_size,983.363
147,allocated_size,1513.87
147,color_size,3365.59
147,color_size undo_redo,0
148,paths,2.00496
148,colors,0.612352
148,shadows,4.76467
148,frame_time_ms,7.38198
148,virtual_size,983.363
148,allocated_size,1513.87
148,color_size,3365.59
148,color_size undo_redo,0
149,paths,2.00397
149,colors,0.603072
149,shadows,4.10317
149,frame_time_ms,6.71021
149,virtual_size,983.363
149,allocated_size,1513.87
149,color_size,3365.59
149,color_size undo_redo,0
150,paths,2.04083
150,colors,0.620544
150,shadows,4.69264
150,frame_time_ms,7.35402
150,virtual_size,983.363
150,allocated_size,1513.87
150,color_size,3365.59
150,color_size undo_redo,0
151,paths,2.6008
151,colors,0.642048
151,shadows,4.49126
151,frame_time_ms,7.73411
151,virtual_size,983.363
151,allocated_size,1513.87
151,color_size,3365.59
151,color_size undo_redo,0
152,paths,2.07872
152,colors,0.621568
152,shadows,4.44525
152,frame_time_ms,7.14554
152,virtual_size,983.363
152,allocated_size,1513.87
152,color_size,3365.59
152,color_size undo_redo,0
153,paths,2.37158
153,colors,0.627712
153,shadows,4.35814
153,frame_time_ms,7.35744
153,virtual_size,983.363
153,allocated_size,1513.87
153,color_size,3365.59
153,color_size undo_redo,0
154,paths,2.34906
154,colors,0.626688
154,shadows,4.33971
154,frame_time_ms,7.31546
154,virtual_size,983.363
154,allocated_size,1513.87
154,color_size,3365.59
154,color_size undo_redo,0
155,paths,2.10608
155,colors,0.631808
155,shadows,4.39091
155,frame_time_ms,7.1288
155,virtual_size,983.363
155,allocated_size,1513.87
155,color_size,3365.59
155,color_size undo_redo,0
156,paths,2.41869
156,colors,0.636768
156,shadows,4.65715
156,frame_time_ms,7.71261
156,virtual_size,983.363
156,allocated_size,1513.87
156,color_size,3365.59
156,color_size undo_redo,0
157,paths,2.44102
157,colors,0.634848
157,shadows,4.0448
157,frame_time_ms,7.12067
157,virtual_size,983.363
157,allocated_size,1513.87
157,color_size,3365.59
157,color_size undo_redo,0
158,paths,2.18726
158,colors,0.644096
158,shadows,4.68582
158,frame_time_ms,7.51718
158,virtual_size,983.363
158,allocated_size,1513.87
158,color_size,3365.59
158,color_size undo_redo,0
159,paths,2.5168
159,colors,0.650208
159,shadows,4.46259
159,frame_time_ms,7.6296
159,virtual_size,983.363
159,allocated_size,1513.87
159,color_size,3365.59
159,color_size undo_redo,0
160,paths,2.28938
160,colors,0.654208
160,shadows,4.51789
160,frame_time_ms,7.46147
160,virtual_size,983.363
160,allocated_size,1513.87
160,color_size,3365.59
160,color_size undo_redo,0
161,paths,2.65626
161,colors,0.6592
161,shadows,4.81869
161,frame_time_ms,8.13414
161,virtual_size,983.363
161,allocated_size,1513.87
161,color_size,3365.59
161,color_size undo_redo,0
162,paths,2.66733
162,colors,0.646016
162,shadows,4.59776
162,frame_time_ms,7.9111
162,virtual_size,983.363
162,allocated_size,1513.87
162,color_size,3365.59
162,color_size undo_redo,0
163,paths,2.43098
163,colors,0.667424
163,shadows,4.52506
163,frame_time_ms,7.62346
163,virtual_size,983.363
163,allocated_size,1513.87
163,color_size,3365.59
163,color_size undo_redo,0
164,paths,2.82118
164,colors,0.659456
164,shadows,4.73706
164,frame_time_ms,8.2177
164,virtual_size,983.363
164,allocated_size,1513.87
164,color_size,3365.59
164,color_size undo_redo,0
165,paths,2.86208
165,colors,0.61952
165,shadows,4.48419
165,frame_time_ms,7.96579
165,virtual_size,983.363
165,allocated_size,1513.87
165,color_size,3365.59
165,color_size undo_redo,0
166,paths,2.77914
166,colors,0.627456
166,shadows,4.48618
166,frame_time_ms,7.89277
166,virtual_size,983.363
166,allocated_size,1513.87
166,color_size,3365.59
166,color_size undo_redo,0
167,paths,3.37603
167,colors,0.63984
167,shadows,4.6121
167,frame_time_ms,8.62797
167,virtual_size,983.363
167,allocated_size,1513.87
167,color_size,3365.59
167,color_size undo_redo,0
168,paths,3.7673
168,colors,0.626688
168,shadows,4.50774
168,frame_time_ms,8.90173
168,virtual_size,983.363
168,allocated_size,1513.87
168,color_size,3365.59
168,color_size undo_redo,0
169,paths,3.74784
169,colors,0.549888
169,shadows,4.52096
169,frame_time_ms,8.81869
169,virtual_size,983.363
169,allocated_size,1513.87
169,color_size,3365.59
169,color_size undo_redo,0
170,paths,2.97677
170,colors,0.555008
170,shadows,5.19168
170,frame_time_ms,8.72346
170,virtual_size,983.363
170,allocated_size,1513.87
170,color_size,3365.59
170,color_size undo_redo,0
171,paths,2.76998
171,colors,0.551936
171,shadows,5.1753
171,frame_time_ms,8.49722
171,virtual_size,983.363
171,allocated_size,1513.87
171,color_size,3365.59
171,color_size undo_redo,0
172,paths,3.04947
172,colors,0.553984
172,shadows,5.16704
172,frame_time_ms,8.7705
172,virtual_size,983.363
172,allocated_size,1513.87
172,color_size,3365.59
172,color_size undo_redo,0
173,paths,2.6624
173,colors,0.557856
173,shadows,4.97971
173,frame_time_ms,8.19997
173,virtual_size,983.363
173,allocated_size,1513.87
173,color_size,3365.59
173,color_size undo_redo,0
174,paths,2.28742
174,colors,0.550752
174,shadows,4.95923
174,frame_time_ms,7.79741
174,virtual_size,983.363
174,allocated_size,1513.87
174,color_size,3365.59
174,color_size undo_redo,0
175,paths,2.58544
175,colors,0.553984
175,shadows,5.30006
175,frame_time_ms,8.43949
175,virtual_size,983.363
175,allocated_size,1513.87
175,color_size,3365.59
175,color_size undo_redo,0
176,paths,2.73408
176,colors,0.550912
176,shadows,4.98682
176,frame_time_ms,8.27181
176,virtual_size,983.363
176,allocated_size,1513.87
176,color_size,3365.59
176,color_size undo_redo,0
177,paths,2.45226
177,colors,0.549888
177,shadows,4.864
177,frame_time_ms,7.86614
177,virtual_size,983.363
177,allocated_size,1513.87
177,color_size,3365.59
177,color_size undo_redo,0
178,paths,2.76275
178,colors,0.546816
178,shadows,5.0176
178,frame_time_ms,8.32717
178,virtual_size,983.363
178,allocated_size,1513.87
178,color_size,3365.59
178,color_size undo_redo,0
179,paths,2.66445
179,colors,0.457728
179,shadows,4.85274
179,frame_time_ms,7.97491
179,virtual_size,983.363
179,allocated_size,1513.87
179,color_size,3365.59
179,color_size undo_redo,0
180,paths,2.26816
180,colors,0.487424
180,shadows,5.08016
180,frame_time_ms,7.83574
180,virtual_size,983.363
180,allocated_size,1513.87
180,color_size,3365.59
180,color_size undo_redo,0
181,paths,2.22208
181,colors,0.49152
181,shadows,5.3167
181,frame_time_ms,8.0303
181,virtual_size,983.363
181,allocated_size,1513.87
181,color_size,3365.59
181,color_size undo_redo,0
182,paths,2.06746
182,colors,0.518144
182,shadows,5.03194
182,frame_time_ms,7.61754
182,virtual_size,983.363
182,allocated_size,1513.87
182,color_size,3365.59
182,color_size undo_redo,0
183,paths,2.09923
183,colors,0.520096
183,shadows,4.92115
183,frame_time_ms,7.54048
183,virtual_size,983.363
183,allocated_size,1513.87
183,color_size,3365.59
183,color_size undo_redo,0
184,paths,2.4064
184,colors,0.532384
184,shadows,5.12819
184,frame_time_ms,8.06698
184,virtual_size,983.363
184,allocated_size,1513.87
184,color_size,3365.59
184,color_size undo_redo,0
185,paths,2.49549
185,colors,0.548864
185,shadows,5.10147
185,frame_time_ms,8.14582
185,virtual_size,983.363
185,allocated_size,1513.87
185,color_size,3365.59
185,color_size undo_redo,0
186,paths,2.51085
186,colors,0.830464
186,shadows,4.68957
186,frame_time_ms,8.03088
186,virtual_size,983.363
186,allocated_size,1513.87
186,color_size,3365.59
186,color_size undo_redo,0
187,paths,2.58342
187,colors,0.57344
187,shadows,4.37862
187,frame_time_ms,7.53549
187,virtual_size,983.363
187,allocated_size,1513.87
187,color_size,3365.59
187,color_size undo_redo,0
188,paths,2.38566
188,colors,0.615424
188,shadows,4.91622
188,frame_time_ms,7.91731
188,virtual_size,983.363
188,allocated_size,1513.87
188,color_size,3365.59
188,color_size undo_redo,0
189,paths,2.81293
189,colors,0.664512
189,shadows,4.90394
189,frame_time_ms,8.38138
189,virtual_size,983.363
189,allocated_size,1513.87
189,color_size,3365.59
189,color_size undo_redo,0
190,paths,3.15667
190,colors,0.672448
190,shadows,4.74522
190,frame_time_ms,8.57434
190,virtual_size,983.363
190,allocated_size,1513.87
190,color_size,3365.59
190,color_size undo_redo,0
191,paths,2.89792
191,colors,0.688128
191,shadows,4.56093
191,frame_time_ms,8.14698
191,virtual_size,983.363
191,allocated_size,1513.87
191,color_size,3365.59
191,color_size undo_redo,0
192,paths,2.70205
192,colors,0.72192
192,shadows,4.58646
192,frame_time_ms,8.01043
192,virtual_size,983.363
192,allocated_size,1513.87
192,color_size,3365.59
192,color_size undo_redo,0
193,paths,3.05046
193,colors,0.73616
193,shadows,4.69904
193,frame_time_ms,8.48566
193,virtual_size,983.363
193,allocated_size,1513.87
193,color_size,3365.59
193,color_size undo_redo,0
194,paths,3.33107
194,colors,0.790528
194,shadows,4.70525
194,frame_time_ms,8.82685
194,virtual_size,983.363
194,allocated_size,1513.87
194,color_size,3365.59
194,color_size undo_redo,0
195,paths,2.81088
195,colors,0.827328
195,shadows,4.50458
195,frame_time_ms,8.14278
195,virtual_size,983.363
195,allocated_size,1513.87
195,color_size,3365.59
195,color_size undo_redo,0
196,paths,2.77402
196,colors,0.846848
196,shadows,4.95622
196,frame_time_ms,8.57709
196,virtual_size,983.363
196,allocated_size,1513.87
196,color_size,3365.59
196,color_size undo_redo,0
197,paths,3.11091
197,colors,0.884608
197,shadows,5.35949
197,frame_time_ms,9.35501
197,virtual_size,983.363
197,allocated_size,1513.87
197,color_size,3365.59
197,color_size undo_redo,0
198,paths,3.37914
198,colors,0.877568
198,shadows,5.08397
198,frame_time_ms,9.34067
198,virtual_size,983.363
198,allocated_size,1513.87
198,color_size,3365.59
198,color_size undo_redo,0
199,paths,3.39427
199,colors,0.864256
199,shadows,5.20502
199,frame_time_ms,9.46355
199,virtual_size,983.363
199,allocated_size,1513.87
199,color_size,3365.59
199,color_size undo_redo,0
200,paths,3.00646
200,colors,0.8448
200,shadows,4.82614
200,frame_time_ms,8.67741
200,virtual_size,983.363
200,allocated_size,1513.87
200,color_size,3365.59
200,color_size undo_redo,0
201,paths,2.75661
201,colors,0.842656
201,shadows,4.58925
201,frame_time_ms,8.18851
201,virtual_size,983.363
201,allocated_size,1513.87
201,color_size,3365.59
201,color_size undo_redo,0
202,paths,3.05869
202,colors,0.825216
202,shadows,4.84147
202,frame_time_ms,8.72538
202,virtual_size,983.363
202,allocated_size,1513.87
202,color_size,3365.59
202,color_size undo_redo,0
203,paths,2.84365
203,colors,0.798528
203,shadows,4.99098
203,frame_time_ms,8.63315
203,virtual_size,983.363
203,allocated_size,1513.87
203,color_size,3365.59
203,color_size undo_redo,0
204,paths,3.41299
204,colors,0.769024
204,shadows,4.62019
204,frame_time_ms,8.80221
204,virtual_size,983.363
204,allocated_size,1513.87
204,color_size,3365.59
204,color_size undo_redo,0
205,paths,3.05971
205,colors,0.754368
205,shadows,4.93158
205,frame_time_ms,8.74566
205,virtual_size,983.363
205,allocated_size,1513.87
205,color_size,3365.59
205,color_size undo_redo,0
206,paths,3.0208
206,colors,0.70656
206,shadows,4.29568
206,frame_time_ms,8.02304
206,virtual_size,983.363
206,allocated_size,1513.87
206,color_size,3365.59
206,color_size undo_redo,0
207,paths,2.73101
207,colors,0.671552
207,shadows,4.78822
207,frame_time_ms,8.19078
207,virtual_size,983.363
207,allocated_size,1513.87
207,color_size,3365.59
207,color_size undo_redo,0
208,paths,3.34611
208,colors,0.66048
208,shadows,4.69891
208,frame_time_ms,8.7055
208,virtual_size,983.363
208,allocated_size,1513.87
208,color_size,3365.59
208,color_size undo_redo,0
209,paths,2.9481
209,colors,0.904096
209,shadows,4.06835
209,frame_time_ms,7.92054
209,virtual_size,983.363
209,allocated_size,1513.87
209,color_size,3365.59
209,color_size undo_redo,0
210,paths,2.62646
210,colors,0.596992
210,shadows,4.25677
210,frame_time_ms,7.48022
210,virtual_size,983.363
210,allocated_size,1513.87
210,color_size,3365.59
210,color_size undo_redo,0
211,paths,3.18157
211,colors,0.578496
211,shadows,4.52608
211,frame_time_ms,8.28614
211,virtual_size,983.363
211,allocated_size,1513.87
211,color_size,3365.59
211,color_size undo_redo,0
212,paths,2.81907
212,colors,0.544768
212,shadows,3.82771
212,frame_time_ms,7.19155
212,virtual_size,983.363
212,allocated_size,1513.87
212,color_size,3365.59
212,color_size undo_redo,0
213,paths,2.71574
213,colors,0.539648
213,shadows,4.22067
213,frame_time_ms,7.47606
213,virtual_size,983.363
213,allocated_size,1513.87
213,color_size,3365.59
213,color_size undo_redo,0
214,paths,2.68083
214,colors,0.512704
214,shadows,3.70381
214,frame_time_ms,6.89734
214,virtual_size,983.363
214,allocated_size,1513.87
214,color_size,3365.59
214,color_size undo_redo,0
215,paths,2.3552
215,colors,0.515072
215,shadows,4.31923
215,frame_time_ms,7.1895
215,virtual_size,983.363
215,allocated_size,1513.87
215,color_size,3365.59
215,color_size undo_redo,0
216,paths,2.91226
216,colors,0.52224
216,shadows,3.95133
216,frame_time_ms,7.38582
216,virtual_size,983.363
216,allocated_size,1513.87
216,color_size,3365.59
216,color_size undo_redo,0
217,paths,2.31014
217,colors,0.475136
217,shadows,4.12058
217,frame_time_ms,6.90586
217,virtual_size,983.363
217,allocated_size,1513.87
217,color_size,3365.59
217,color_size undo_redo,0
218,paths,2.9737
218,colors,0.467776
218,shadows,3.90144
218,frame_time_ms,7.34291
218,virtual_size,983.363
218,allocated_size,1513.87
218,color_size,3365.59
218,color_size undo_redo,0
219,paths,2.35216
219,colors,0.47104
219,shadows,3.86134
219,frame_time_ms,6.68454
219,virtual_size,983.363
219,allocated_size,1513.87
219,color_size,3365.59
219,color_size undo_redo,0
220,paths,2.93376
220,colors,0.495616
220,shadows,3.94854
220,frame_time_ms,7.37792
220,virtual_size,983.363
220,allocated_size,1513.87
220,color_size,3365.59
220,color_size undo_redo,0
221,paths,2.30298
221,colors,0.511744
221,shadows,3.90656
221,frame_time_ms,6.72128
221,virtual_size,983.363
221,allocated_size,1513.87
221,color_size,3365.59
221,color_size undo_redo,0
222,paths,2.88973
222,colors,0.520192
222,shadows,3.86554
222,frame_time_ms,7.27546
222,virtual_size,983.363
222,allocated_size,1513.87
222,color_size,3365.59
222,color_size undo_redo,0
223,paths,2.33472
223,colors,0.519168
223,shadows,3.90451
223,frame_time_ms,6.7584
223,virtual_size,983.363
223,allocated_size,1513.87
223,color_size,3365.59
223,color_size undo_redo,0
224,paths,2.90099
224,colors,0.52736
224,shadows,3.87072
224,frame_time_ms,7.29907
224,virtual_size,983.363
224,allocated_size,1513.87
224,color_size,3365.59
224,color_size undo_redo,0
225,paths,2.32448
225,colors,0.545792
225,shadows,3.9895
225,frame_time_ms,6.85978
225,virtual_size,983.363
225,allocated_size,1513.87
225,color_size,3365.59
225,color_size undo_redo,0
226,paths,2.82214
226,colors,0.561152
226,shadows,4.23424
226,frame_time_ms,7.61754
226,virtual_size,983.363
226,allocated_size,1513.87
226,color_size,3365.59
226,color_size undo_redo,0
227,paths,2.38899
227,colors,0.572128
227,shadows,3.6823
227,frame_time_ms,6.64342
227,virtual_size,983.363
227,allocated_size,1513.87
227,color_size,3365.59
227,color_size undo_redo,0
228,paths,2.40538
228,colors,0.585728
228,shadows,4.39706
228,frame_time_ms,7.38816
228,virtual_size,983.363
228,allocated_size,1513.87
228,color_size,3365.59
228,color_size undo_redo,0
229,paths,2.46157
229,colors,0.605184
229,shadows,3.8144
229,frame_time_ms,6.88115
229,virtual_size,983.363
229,allocated_size,1513.87
229,color_size,3365.59
229,color_size undo_redo,0
230,paths,2.77197
230,colors,0.620544
230,shadows,4.46874
230,frame_time_ms,7.86125
230,virtual_size,983.363
230,allocated_size,1513.87
230,color_size,3365.59
230,color_size undo_redo,0
231,paths,3.15699
231,colors,0.647936
231,shadows,4.43699
231,frame_time_ms,8.24192
231,virtual_size,983.363
231,allocated_size,1513.87
231,color_size,3365.59
231,color_size undo_redo,0
232,paths,2.49856
232,colors,0.659456
232,shadows,3.89206
232,frame_time_ms,7.05008
232,virtual_size,983.363
232,allocated_size,1513.87
232,color_size,3365.59
232,color_size undo_redo,0
233,paths,2.49635
233,colors,0.677568
233,shadows,4.49741
233,frame_time_ms,7.67133
233,virtual_size,983.363
233,allocated_size,1513.87
233,color_size,3365.59
233,color_size undo_redo,0
234,paths,3.13549
234,colors,0.700416
234,shadows,4.09498
234,frame_time_ms,7.93088
234,virtual_size,983.363
234,allocated_size,1513.87
234,color_size,3365.59
234,color_size undo_redo,0
235,paths,3.07814
235,colors,0.749568
235,shadows,3.78675
235,frame_time_ms,7.61446
235,virtual_size,983.363
235,allocated_size,1513.87
235,color_size,3365.59
235,color_size undo_redo,0
236,paths,2.58662
236,colors,0.74432
236,shadows,4.09293
236,frame_time_ms,7.42387
236,virtual_size,983.363
236,allocated_size,1513.87
236,color_size,3365.59
236,color_size undo_redo,0
237,paths,3.12934
237,colors,0.772096
237,shadows,4.01306
237,frame_time_ms,7.9145
237,virtual_size,983.363
237,allocated_size,1513.87
237,color_size,3365.59
237,color_size undo_redo,0
238,paths,3.19488
238,colors,0.770048
238,shadows,3.75501
238,frame_time_ms,7.71994
238,virtual_size,983.363
238,allocated_size,1513.87
238,color_size,3365.59
238,color_size undo_redo,0
239,paths,2.69107
239,colors,0.818176
239,shadows,4.30573
239,frame_time_ms,7.81498
239,virtual_size,983.363
239,allocated_size,1513.87
239,color_size,3365.59
239,color_size undo_redo,0
240,paths,3.2041
240,colors,0.843776
240,shadows,4.06426
240,frame_time_ms,8.11213
240,virtual_size,983.363
240,allocated_size,1513.87
240,color_size,3365.59
240,color_size undo_redo,0
241,paths,3.05459
241,colors,0.872448
241,shadows,3.7959
241,frame_time_ms,7.72294
241,virtual_size,983.363
241,allocated_size,1513.87
241,color_size,3365.59
241,color_size undo_redo,0
242,paths,2.81088
242,colors,0.88576
242,shadows,4.096
242,frame_time_ms,7.79264
242,virtual_size,983.363
242,allocated_size,1513.87
242,color_size,3365.59
242,color_size undo_redo,0
243,paths,3.44781
243,colors,0.91648
243,shadows,4.03866
243,frame_time_ms,8.40294
243,virtual_size,983.363
243,allocated_size,1513.87
243,color_size,3365.59
243,color_size undo_redo,0
244,paths,3.39763
244,colors,0.925696
244,shadows,4.15846
244,frame_time_ms,8.48179
244,virtual_size,983.363
244,allocated_size,1513.87
244,color_size,3365.59
244,color_size undo_redo,0
245,paths,2.86515
245,colors,0.932864
245,shadows,3.79597
245,frame_time_ms,7.59398
245,virtual_size,983.363
245,allocated_size,1513.87
245,color_size,3365.59
245,color_size undo_redo,0
246,paths,2.8672
246,colors,0.96848
246,shadows,4.41328
246,frame_time_ms,8.24896
246,virtual_size,983.363
246,allocated_size,1513.87
246,color_size,3365.59
246,color_size undo_redo,0
247,paths,3.77344
247,colors,0.984032
247,shadows,4.18794
247,frame_time_ms,8.94541
247,virtual_size,983.363
247,allocated_size,1513.87
247,color_size,3365.59
247,color_size undo_redo,0
248,paths,3.12832
248,colors,0.996192
248,shadows,4.14413
248,frame_time_ms,8.26864
248,virtual_size,983.363
248,allocated_size,1513.87
248,color_size,3365.59
248,color_size undo_redo,0
249,paths,2.86618
249,colors,1.0025
249,shadows,4.2281
249,frame_time_ms,8.09677
249,virtual_size,983.363
249,allocated_size,1513.87
249,color_size,3365.59
249,color_size undo_redo,0
250,paths,3.19078
250,colors,1.03731
250,shadows,4.57107
250,frame_time_ms,8.79917
250,virtual_size,983.363
250,allocated_size,1513.87
250,color_size,3365.59
250,color_size undo_redo,0
251,paths,3.49389
251,colors,1.03219
251,shadows,4.20326
251,frame_time_ms,8.72934
251,virtual_size,983.363
251,allocated_size,1513.87
251,color_size,3365.59
251,color_size undo_redo,0
252,paths,2.89261
252,colors,1.02605
252,shadows,3.97107
252,frame_time_ms,7.88973
252,virtual_size,983.363
252,allocated_size,1513.87
252,color_size,3365.59
252,color_size undo_redo,0
253,paths,2.88768
253,colors,1.04346
253,shadows,4.60186
253,frame_time_ms,8.53299
253,virtual_size,983.363
253,allocated_size,1513.87
253,color_size,3365.59
253,color_size undo_redo,0
254,paths,3.5113
254,colors,1.05162
254,shadows,4.26086
254,frame_time_ms,8.82378
254,virtual_size,983.363
254,allocated_size,1513.87
254,color_size,3365.59
254,color_size undo_redo,0
255,paths,3.12013
255,colors,1.05165
255,shadows,4.31072
255,frame_time_ms,8.4825
255,virtual_size,983.363
255,allocated_size,1513.87
255,color_size,3365.59
255,color_size undo_redo,0
256,paths,2.88358
256,colors,1.55853
256,shadows,4.07962
256,frame_time_ms,8.52173
256,virtual_size,983.363
256,allocated_size,1513.87
256,color_size,3365.59
256,color_size undo_redo,0
257,paths,2.87437
257,colors,1.05472
257,shadows,4.68262
257,frame_time_ms,8.61171
257,virtual_size,983.363
257,allocated_size,1513.87
257,color_size,3365.59
257,color_size undo_redo,0
258,paths,3.49491
258,colors,1.06394
258,shadows,4.42368
258,frame_time_ms,8.98253
258,virtual_size,983.363
258,allocated_size,1513.87
258,color_size,3365.59
258,color_size undo_redo,0
259,paths,3.16006
259,colors,1.08339
259,shadows,4.71142
259,frame_time_ms,8.95488
259,virtual_size,983.363
259,allocated_size,1513.87
259,color_size,3365.59
259,color_size undo_redo,0
260,paths,2.90099
260,colors,1.48256
260,shadows,4.61414
260,frame_time_ms,8.9977
260,virtual_size,983.363
260,allocated_size,1513.87
260,color_size,3365.59
260,color_size undo_redo,0
261,paths,2.90202
261,colors,1.41005
261,shadows,4.23322
261,frame_time_ms,8.54528
261,virtual_size,983.363
261,allocated_size,1513.87
261,color_size,3365.59
261,color_size undo_redo,0
262,paths,3.20922
262,colors,1.10797
262,shadows,4.63152
262,frame_time_ms,8.9487
262,virtual_size,983.363
262,allocated_size,1513.87
262,color_size,3365.59
262,color_size undo_redo,0
263,paths,3.23875
263,colors,1.09568
263,shadows,4.83942
263,frame_time_ms,9.17386
263,virtual_size,983.363
263,allocated_size,1513.87
263,color_size,3365.59
263,color_size undo_redo,0
264,paths,3.47238
264,colors,1.10387
264,shadows,4.89267
264,frame_time_ms,9.46893
264,virtual_size,983.363
264,allocated_size,1513.87
264,color_size,3365.59
264,color_size undo_redo,0
265,paths,3.14438
265,colors,1.05862
265,shadows,4.736
265,frame_time_ms,8.93901
265,virtual_size,983.363
265,allocated_size,1513.87
265,color_size,3365.59
265,color_size undo_redo,0
266,paths,3.13139
266,colors,1.02707
266,shadows,4.64384
266,frame_time_ms,8.8023
266,virtual_size,983.363
266,allocated_size,1513.87
266,color_size,3365.59
266,color_size undo_redo,0
267,paths,2.74637
267,colors,1.02298
267,shadows,4.73578
267,frame_time_ms,8.50512
267,virtual_size,983.363
267,allocated_size,1513.87
267,color_size,3365.59
267,color_size undo_redo,0
268,paths,2.96426
268,colors,1.00432
268,shadows,5.02272
268,frame_time_ms,8.9913
268,virtual_size,983.363
268,allocated_size,1513.87
268,color_size,3365.59
268,color_size undo_redo,0
269,paths,3.30547
269,colors,1.00128
269,shadows,4.9193
269,frame_time_ms,9.22605
269,virtual_size,983.363
269,allocated_size,1513.87
269,color_size,3365.59
269,color_size undo_redo,0
270,paths,3.26246
270,colors,0.978944
270,shadows,4.88858
270,frame_time_ms,9.12998
270,virtual_size,983.363
270,allocated_size,1513.87
270,color_size,3365.59
270,color_size undo_redo,0
271,paths,2.83126
271,colors,0.941056
271,shadows,5.14765
271,frame_time_ms,8.91997
271,virtual_size,983.363
271,allocated_size,1513.87
271,color_size,3365.59
271,color_size undo_redo,0
272,paths,2.4576
272,colors,0.893952
272,shadows,5.0327
272,frame_time_ms,8.38426
272,virtual_size,983.363
272,allocated_size,1513.87
272,color_size,3365.59
272,color_size undo_redo,0
273,paths,2.38285
273,colors,0.86528
273,shadows,5.27155
273,frame_time_ms,8.51968
273,virtual_size,983.363
273,allocated_size,1513.87
273,color_size,3365.59
273,color_size undo_redo,0
274,paths,2.91005
274,colors,0.822272
274,shadows,5.05856
274,frame_time_ms,8.79088
274,virtual_size,983.363
274,allocated_size,1513.87
274,color_size,3365.59
274,color_size undo_redo,0
275,paths,2.53347
275,colors,0.781312
275,shadows,4.6336
275,frame_time_ms,7.94838
275,virtual_size,983.363
275,allocated_size,1513.87
275,color_size,3365.59
275,color_size undo_redo,0
276,paths,2.49242
276,colors,0.743424
276,shadows,4.97459
276,frame_time_ms,8.21043
276,virtual_size,983.363
276,allocated_size,1513.87
276,color_size,3365.59
276,color_size undo_redo,0
277,paths,2.47194
277,colors,0.726016
277,shadows,5.16822
277,frame_time_ms,8.36618
277,virtual_size,983.363
277,allocated_size,1513.87
277,color_size,3365.59
277,color_size undo_redo,0
278,paths,2.29581
278,colors,0.67584
278,shadows,4.81654
278,frame_time_ms,7.78819
278,virtual_size,983.363
278,allocated_size,1513.87
278,color_size,3365.59
278,color_size undo_redo,0
279,paths,2.38797
279,colors,0.661504
279,shadows,4.93034
279,frame_time_ms,7.97981
279,virtual_size,983.363
279,allocated_size,1513.87
279,color_size,3365.59
279,color_size undo_redo,0
280,paths,2.06438
280,colors,0.656384
280,shadows,5.07802
280,frame_time_ms,7.79878
280,virtual_size,983.363
280,allocated_size,1513.87
280,color_size,3365.59
280,color_size undo_redo,0
281,paths,2.03469
281,colors,0.618496
281,shadows,4.68365
281,frame_time_ms,7.33683
281,virtual_size,983.363
281,allocated_size,1513.87
281,color_size,3365.59
281,color_size undo_redo,0
282,paths,2.00294
282,colors,0.601088
282,shadows,4.94189
282,frame_time_ms,7.54592
282,virtual_size,983.363
282,allocated_size,1513.87
282,color_size,3365.59
282,color_size undo_redo,0
283,paths,2.2272
283,colors,0.59392
283,shadows,4.77357
283,frame_time_ms,7.59469
283,virtual_size,983.363
283,allocated_size,1513.87
283,color_size,3365.59
283,color_size undo_redo,0
284,paths,1.93843
284,colors,0.580608
284,shadows,4.47386
284,frame_time_ms,6.9929
284,virtual_size,983.363
284,allocated_size,1513.87
284,color_size,3365.59
284,color_size undo_redo,0
285,paths,2.33574
285,colors,0.581632
285,shadows,4.54554
285,frame_time_ms,7.46291
285,virtual_size,983.363
285,allocated_size,1513.87
285,color_size,3365.59
285,color_size undo_redo,0
286,paths,1.92506
286,colors,0.580608
286,shadows,4.51379
286,frame_time_ms,7.01946
286,virtual_size,983.363
286,allocated_size,1513.87
286,color_size,3365.59
286,color_size undo_redo,0
287,paths,2.33779
287,colors,0.574208
287,shadows,4.58445
287,frame_time_ms,7.49645
287,virtual_size,983.363
287,allocated_size,1513.87
287,color_size,3365.59
287,color_size undo_redo,0
288,paths,1.90976
288,colors,0.56832
288,shadows,4.48109
288,frame_time_ms,6.95917
288,virtual_size,983.363
288,allocated_size,1513.87
288,color_size,3365.59
288,color_size undo_redo,0
289,paths,2.36032
289,colors,0.561152
289,shadows,4.48403
289,frame_time_ms,7.4055
289,virtual_size,983.363
289,allocated_size,1513.87
289,color_size,3365.59
289,color_size undo_redo,0
290,paths,1.88723
290,colors,0.55296
290,shadows,4.48602
290,frame_time_ms,6.92621
290,virtual_size,983.363
290,allocated_size,1513.87
290,color_size,3365.59
290,color_size undo_redo,0
291,paths,2.19309
291,colors,0.54256
291,shadows,4.00794
291,frame_time_ms,6.74358
291,virtual_size,983.363
291,allocated_size,1513.87
291,color_size,3365.59
291,color_size undo_redo,0
292,paths,1.86573
292,colors,0.52416
292,shadows,4.5177
292,frame_time_ms,6.90758
292,virtual_size,983.363
292,allocated_size,1513.87
292,color_size,3365.59
292,color_size undo_redo,0
293,paths,2.07053
293,colors,0.52224
293,shadows,3.8697
293,frame_time_ms,6.46246
293,virtual_size,983.363
293,allocated_size,1513.87
293,color_size,3365.59
293,color_size undo_redo,0
294,paths,1.83501
294,colors,0.519168
294,shadows,4.26598
294,frame_time_ms,6.62016
294,virtual_size,983.363
294,allocated_size,1513.87
294,color_size,3365.59
294,color_size undo_redo,0
295,paths,2.15334
295,colors,0.515936
295,shadows,3.87379
295,frame_time_ms,6.54307
295,virtual_size,983.363
295,allocated_size,1513.87
295,color_size,3365.59
295,color_size undo_redo,0
296,paths,1.84525
296,colors,0.51712
296,shadows,4.41229
296,frame_time_ms,6.77466
296,virtual_size,983.363
296,allocated_size,1513.87
296,color_size,3365.59
296,color_size undo_redo,0
297,paths,1.80429
297,colors,0.51472
297,shadows,4.21069
297,frame_time_ms,6.5297
297,virtual_size,983.363
297,allocated_size,1513.87
297,color_size,3365.59
297,color_size undo_redo,0
298,paths,2.1248
298,colors,0.508928
298,shadows,4.19123
298,frame_time_ms,6.82496
298,virtual_size,983.363
298,allocated_size,1513.87
298,color_size,3365.59
298,color_size undo_redo,0
299,paths,1.81024
299,colors,0.515936
299,shadows,4.46669
299,frame_time_ms,6.79286
299,virtual_size,983.363
299,allocated_size,1513.87
299,color_size,3365.59
299,color_size undo_redo,0
300,paths,2.08077
300,colors,0.525216
300,shadows,3.89907
300,frame_time_ms,6.50506
300,virtual_size,983.363
300,allocated_size,1513.87
300,color_size,3365.59
300,color_size undo_redo,0
301,paths,1.81862
301,colors,0.518144
301,shadows,4.50355
301,frame_time_ms,6.84032
301,virtual_size,983.363
301,allocated_size,1513.87
301,color_size,3365.59
301,color_size undo_redo,0
302,paths,1.81946
302,colors,0.518848
302,shadows,3.86867
302,frame_time_ms,6.20698
302,virtual_size,983.363
302,allocated_size,1513.87
302,color_size,3365.59
302,color_size undo_redo,0
303,paths,1.81862
303,colors,0.524288
303,shadows,4.51658
303,frame_time_ms,6.85949
303,virtual_size,983.363
303,allocated_size,1513.87
303,color_size,3365.59
303,color_size undo_redo,0
304,paths,2.06336
304,colors,0.5376
304,shadows,3.89018
304,frame_time_ms,6.49114
304,virtual_size,983.363
304,allocated_size,1513.87
304,color_size,3365.59
304,color_size undo_redo,0
305,paths,2.07635
305,colors,0.521216
305,shadows,4.33366
305,frame_time_ms,6.93123
305,virtual_size,983.363
305,allocated_size,1513.87
305,color_size,3365.59
305,color_size undo_redo,0
306,paths,1.76845
306,colors,0.52736
306,shadows,4.28544
306,frame_time_ms,6.58125
306,virtual_size,983.363
306,allocated_size,1513.87
306,color_size,3365.59
306,color_size undo_redo,0
307,paths,2.21469
307,colors,0.533504
307,shadows,4.18304
307,frame_time_ms,6.93123
307,virtual_size,983.363
307,allocated_size,1513.87
307,color_size,3365.59
307,color_size undo_redo,0
308,paths,1.78176
308,colors,0.545664
308,shadows,4.5312
308,frame_time_ms,6.85862
308,virtual_size,983.363
308,allocated_size,1513.87
308,color_size,3365.59
308,color_size undo_redo,0
309,paths,2.10413
309,colors,0.528384
309,shadows,3.90963
309,frame_time_ms,6.54214
309,virtual_size,983.363
309,allocated_size,1513.87
309,color_size,3365.59
309,color_size undo_redo,0
310,paths,1.77664
310,colors,0.548864
310,shadows,4.52301
310,frame_time_ms,6.84851
310,virtual_size,983.363
310,allocated_size,1513.87
310,color_size,3365.59
310,color_size undo_redo,0
311,paths,1.78362
311,colors,0.55296
311,shadows,4.29226
311,frame_time_ms,6.62883
311,virtual_size,983.363
311,allocated_size,1513.87
311,color_size,3365.59
311,color_size undo_redo,0
312,paths,2.19955
312,colors,0.55696
312,shadows,4.33152
312,frame_time_ms,7.08803
312,virtual_size,983.363
312,allocated_size,1513.87
312,color_size,3365.59
312,color_size undo_redo,0
313,paths,1.76714
313,colors,0.555904
313,shadows,4.53018
313,frame_time_ms,6.85322
313,virtual_size,983.363
313,allocated_size,1513.87
313,color_size,3365.59
313,color_size undo_redo,0
314,paths,2.07565
314,colors,0.54768
314,shadows,3.91987
314,frame_time_ms,6.5432
314,virtual_size,983.363
314,allocated_size,1513.87
314,color_size,3365.59
314,color_size undo_redo,0
315,paths,1.7705
315,colors,0.571136
315,shadows,4.57421
315,frame_time_ms,6.91584
315,virtual_size,983.363
315,allocated_size,1513.87
315,color_size,3365.59
315,color_size undo_redo,0
316,paths,1.7623
316,colors,0.581632
316,shadows,3.97414
316,frame_time_ms,6.31808
316,virtual_size,983.363
316,allocated_size,1513.87
316,color_size,3365.59
316,color_size undo_redo,0
317,paths,1.76845
317,colors,0.586752
317,shadows,4.40486
317,frame_time_ms,6.76006
317,virtual_size,983.363
317,allocated_size,1513.87
317,color_size,3365.59
317,color_size undo_redo,0
318,paths,1.75411
318,colors,0.594944
318,shadows,4.32627
318,frame_time_ms,6.67533
318,virtual_size,983.363
318,allocated_size,1513.87
318,color_size,3365.59
318,color_size undo_redo,0
319,paths,1.9968
319,colors,0.595968
319,shadows,4.33949
319,frame_time_ms,6.93226
319,virtual_size,983.363
319,allocated_size,1513.87
319,color_size,3365.59
319,color_size undo_redo,0
320,paths,1.70189
320,colors,0.586752
320,shadows,4.57626
320,frame_time_ms,6.8649
320,virtual_size,983.363
320,allocated_size,1513.87
320,color_size,3365.59
320,color_size undo_redo,0
321,paths,1.98554
321,colors,0.584704
321,shadows,3.96902
321,frame_time_ms,6.53926
321,virtual_size,983.363
321,allocated_size,1513.87
321,color_size,3365.59
321,color_size undo_redo,0
322,paths,1.69046
322,colors,0.584608
322,shadows,4.50458
322,frame_time_ms,6.77965
322,virtual_size,983.363
322,allocated_size,1513.87
322,color_size,3365.59
322,color_size undo_redo,0
323,paths,1.67117
323,colors,0.56832
323,shadows,3.87379
323,frame_time_ms,6.11328
323,virtual_size,983.363
323,allocated_size,1513.87
323,color_size,3365.59
323,color_size undo_redo,0
324,paths,1.68323
324,colors,0.575488
324,shadows,4.32538
324,frame_time_ms,6.5841
324,virtual_size,983.363
324,allocated_size,1513.87
324,color_size,3365.59
324,color_size undo_redo,0
325,paths,2.0224
325,colors,0.576192
325,shadows,4.25251
325,frame_time_ms,6.8511
325,virtual_size,983.363
325,allocated_size,1513.87
325,color_size,3365.59
325,color_size undo_redo,0
326,paths,2.02349
326,colors,0.587776
326,shadows,4.34483
326,frame_time_ms,6.9561
326,virtual_size,983.363
326,allocated_size,1513.87
326,color_size,3365.59
326,color_size undo_redo,0
327,paths,1.71008
327,colors,0.59904
327,shadows,4.58426
327,frame_time_ms,6.89338
327,virtual_size,983.363
327,allocated_size,1513.87
327,color_size,3365.59
327,color_size undo_redo,0
328,paths,1.97632
328,colors,0.6144
328,shadows,4.56288
328,frame_time_ms,7.1536
328,virtual_size,983.363
328,allocated_size,1513.87
328,color_size,3365.59
328,color_size undo_redo,0
329,paths,1.70595
329,colors,0.620544
329,shadows,4.54726
329,frame_time_ms,6.87376
329,virtual_size,983.363
329,allocated_size,1513.87
329,color_size,3365.59
329,color_size undo_redo,0
330,paths,2.00397
330,colors,0.640992
330,shadows,4.2025
330,frame_time_ms,6.84746
330,virtual_size,983.363
330,allocated_size,1513.87
330,color_size,3365.59
330,color_size undo_redo,0
331,paths,1.71085
331,colors,0.652032
331,shadows,4.61107
331,frame_time_ms,6.97395
331,virtual_size,983.363
331,allocated_size,1513.87
331,color_size,3365.59
331,color_size undo_redo,0
332,paths,2.01011
332,colors,0.6624
332,shadows,4.00589
332,frame_time_ms,6.6784
332,virtual_size,983.363
332,allocated_size,1513.87
332,color_size,3365.59
332,color_size undo_redo,0
333,paths,1.72134
333,colors,0.6656
333,shadows,4.5609
333,frame_time_ms,6.94784
333,virtual_size,983.363
333,allocated_size,1513.87
333,color_size,3365.59
333,color_size undo_redo,0
334,paths,2.04288
334,colors,0.70016
334,shadows,4.09088
334,frame_time_ms,6.83392
334,virtual_size,983.363
334,allocated_size,1513.87
334,color_size,3365.59
334,color_size undo_redo,0
335,paths,1.73875
335,colors,0.699392
335,shadows,4.64362
335,frame_time_ms,7.08176
335,virtual_size,983.363
335,allocated_size,1513.87
335,color_size,3365.59
335,color_size undo_redo,0
336,paths,1.7449
336,colors,0.712704
336,shadows,4.15027
336,frame_time_ms,6.60787
336,virtual_size,983.363
336,allocated_size,1513.87
336,color_size,3365.59
336,color_size undo_redo,0
337,paths,1.75411
337,colors,0.734208
337,shadows,4.67354
337,frame_time_ms,7.16186
337,virtual_size,983.363
337,allocated_size,1513.87
337,color_size,3365.59
337,color_size undo_redo,0
338,paths,1.76026
338,colors,0.751616
338,shadows,4.03661
338,frame_time_ms,6.54848
338,virtual_size,983.363
338,allocated_size,1513.87
338,color_size,3365.59
338,color_size undo_redo,0
339,paths,1.99885
339,colors,0.766912
339,shadows,4.67251
339,frame_time_ms,7.43827
339,virtual_size,983.363
339,allocated_size,1513.87
339,color_size,3365.59
339,color_size undo_redo,0
340,paths,2.02138
340,colors,0.782336
340,shadows,4.12125
340,frame_time_ms,6.92496
340,virtual_size,983.363
340,allocated_size,1513.87
340,color_size,3365.59
340,color_size undo_redo,0
341,paths,2.06221
341,colors,0.806912
341,shadows,4.43488
341,frame_time_ms,7.304
341,virtual_size,983.363
341,allocated_size,1513.87
341,color_size,3365.59
341,color_size undo_redo,0
342,paths,2.01523
342,colors,0.804864
342,shadows,4.11546
342,frame_time_ms,6.93555
342,virtual_size,983.363
342,allocated_size,1513.87
342,color_size,3365.59
342,color_size undo_redo,0
343,paths,1.83194
343,colors,0.8192
343,shadows,4.81485
343,frame_time_ms,7.46598
343,virtual_size,983.363
343,allocated_size,1513.87
343,color_size,3365.59
343,color_size undo_redo,0
344,paths,1.85446
344,colors,0.836544
344,shadows,4.17485
344,frame_time_ms,6.86586
344,virtual_size,983.363
344,allocated_size,1513.87
344,color_size,3365.59
344,color_size undo_redo,0
345,paths,1.82886
345,colors,0.883712
345,shadows,4.77901
345,frame_time_ms,7.49158
345,virtual_size,983.363
345,allocated_size,1513.87
345,color_size,3365.59
345,color_size undo_redo,0
346,paths,2.11763
346,colors,0.882688
346,shadows,4.51584
346,frame_time_ms,7.51616
346,virtual_size,983.363
346,allocated_size,1513.87
346,color_size,3365.59
346,color_size undo_redo,0
347,paths,1.85658
347,colors,0.8704
347,shadows,4.43187
347,frame_time_ms,7.15885
347,virtual_size,983.363
347,allocated_size,1513.87
347,color_size,3365.59
347,color_size undo_redo,0
348,paths,2.29786
348,colors,0.893952
348,shadows,4.47661
348,frame_time_ms,7.66842
348,virtual_size,983.363
348,allocated_size,1513.87
348,color_size,3365.59
348,color_size undo_redo,0
349,paths,1.85958
349,colors,0.91136
349,shadows,4.49926
349,frame_time_ms,7.27021
349,virtual_size,983.363
349,allocated_size,1513.87
349,color_size,3365.59
349,color_size undo_redo,0
350,paths,1.91488
350,colors,0.914464
350,shadows,4.73498
350,frame_time_ms,7.56432
350,virtual_size,983.363
350,allocated_size,1513.87
350,color_size,3365.59
350,color_size undo_redo,0
351,paths,1.88397
351,colors,0.949024
351,shadows,4.43187
351,frame_time_ms,7.26486
351,virtual_size,983.363
351,allocated_size,1513.87
351,color_size,3365.59
351,color_size undo_redo,0
352,paths,1.88493
352,colors,0.94208
352,shadows,4.79734
352,frame_time_ms,7.62435
352,virtual_size,983.363
352,allocated_size,1513.87
352,color_size,3365.59
352,color_size undo_redo,0
353,paths,2.28637
353,colors,1.04643
353,shadows,4.63562
353,frame_time_ms,7.96842
353,virtual_size,983.363
353,allocated_size,1513.87
353,color_size,3365.59
353,color_size undo_redo,0
354,paths,2.10938
354,colors,1.45706
354,shadows,4.47181
354,frame_time_ms,8.03824
354,virtual_size,983.363
354,allocated_size,1513.87
354,color_size,3365.59
354,color_size undo_redo,0
355,paths,2.19443
355,colors,1.27766
355,shadows,5.41782
355,frame_time_ms,8.88992
355,virtual_size,983.363
355,allocated_size,1513.87
355,color_size,3365.59
355,color_size undo_redo,0
356,paths,2.70438
356,colors,1.31891
356,shadows,5.33811
356,frame_time_ms,9.36141
356,virtual_size,983.363
356,allocated_size,1513.87
356,color_size,3365.59
356,color_size undo_redo,0
357,paths,3.01158
357,colors,1.43667
357,shadows,5.6873
357,frame_time_ms,10.1356
357,virtual_size,983.363
357,allocated_size,1513.87
357,color_size,3365.59
357,color_size undo_redo,0
358,paths,3.09248
358,colors,1.51757
358,shadows,5.50381
358,frame_time_ms,10.1139
358,virtual_size,983.363
358,allocated_size,1513.87
358,color_size,3365.59
358,color_size undo_redo,0
359,paths,3.13958
359,colors,1.61792
359,shadows,6.06822
359,frame_time_ms,10.8257
359,virtual_size,983.363
359,allocated_size,1513.87
359,color_size,3365.59
359,color_size undo_redo,0
360,paths,2.98598
360,colors,1.70701
360,shadows,5.85318
360,frame_time_ms,10.5462
360,virtual_size,983.363
360,allocated_size,1513.87
360,color_size,3365.59
360,color_size undo_redo,0
361,paths,2.70643
361,colors,1.76739
361,shadows,5.85827
361,frame_time_ms,10.3321
361,virtual_size,983.363
361,allocated_size,1513.87
361,color_size,3365.59
361,color_size undo_redo,0
362,paths,2.81805
362,colors,1.87491
362,shadows,5.86352
362,frame_time_ms,10.5565
362,virtual_size,983.363
362,allocated_size,1513.87
362,color_size,3365.59
362,color_size undo_redo,0
363,paths,2.864
363,colors,1.96915
363,shadows,6.21773
363,frame_time_ms,11.0509
363,virtual_size,983.363
363,allocated_size,1513.87
363,color_size,3365.59
363,color_size undo_redo,0
364,paths,2.97453
364,colors,2.52109
364,shadows,6.21261
364,frame_time_ms,11.7082
364,virtual_size,983.363
364,allocated_size,1513.87
364,color_size,3365.59
364,color_size undo_redo,0
365,paths,3.6137
365,colors,2.10714
365,shadows,6.3497
365,frame_time_ms,12.0705
365,virtual_size,983.363
365,allocated_size,1513.87
365,color_size,3365.59
365,color_size undo_redo,0
366,paths,3.57376
366,colors,2.15962
366,shadows,6.27584
366,frame_time_ms,12.0092
366,virtual_size,983.363
366,allocated_size,1513.87
366,color_size,3365.59
366,color_size undo_redo,0
367,paths,3.03914
367,colors,2.73715
367,shadows,6.44506
367,frame_time_ms,12.2213
367,virtual_size,983.363
367,allocated_size,1513.87
367,color_size,3365.59
367,color_size undo_redo,0
368,paths,3.64646
368,colors,2.18915
368,shadows,6.15834
368,frame_time_ms,11.994
368,virtual_size,983.363
368,allocated_size,1513.87
368,color_size,3365.59
368,color_size undo_redo,0
369,paths,3.4775
369,colors,2.18826
369,shadows,6.2208
369,frame_time_ms,11.8866
369,virtual_size,983.363
369,allocated_size,1513.87
369,color_size,3365.59
369,color_size undo_redo,0
370,paths,3.15059
370,colors,2.93581
370,shadows,6.34051
370,frame_time_ms,12.4269
370,virtual_size,983.363
370,allocated_size,1513.87
370,color_size,3365.59
370,color_size undo_redo,0
371,paths,4.10214
371,colors,2.32141
371,shadows,6.33754
371,frame_time_ms,12.7611
371,virtual_size,983.363
371,allocated_size,1513.87
371,color_size,3365.59
371,color_size undo_redo,0
372,paths,3.17843
372,colors,2.65318
372,shadows,6.41398
372,frame_time_ms,12.2456
372,virtual_size,983.363
372,allocated_size,1513.87
372,color_size,3365.59
372,color_size undo_redo,0
373,paths,3.42835
373,colors,2.38797
373,shadows,6.41843
373,frame_time_ms,12.2348
373,virtual_size,983.363
373,allocated_size,1513.87
373,color_size,3365.59
373,color_size undo_redo,0
374,paths,3.72525
374,colors,2.7433
374,shadows,6.4512
374,frame_time_ms,12.9197
374,virtual_size,983.363
374,allocated_size,1513.87
374,color_size,3365.59
374,color_size undo_redo,0
375,paths,3.64954
375,colors,2.44512
375,shadows,6.6375
375,frame_time_ms,12.7322
375,virtual_size,983.363
375,allocated_size,1513.87
375,color_size,3365.59
375,color_size undo_redo,0
376,paths,3.57069
376,colors,2.86003
376,shadows,6.65907
376,frame_time_ms,13.0898
376,virtual_size,983.363
376,allocated_size,1513.87
376,color_size,3365.59
376,color_size undo_redo,0
377,paths,3.55533
377,colors,2.50368
377,shadows,6.81456
377,frame_time_ms,12.8736
377,virtual_size,983.363
377,allocated_size,1513.87
377,color_size,3365.59
377,color_size undo_redo,0
378,paths,3.2297
378,colors,2.79245
378,shadows,6.54746
378,frame_time_ms,12.5696
378,virtual_size,983.363
378,allocated_size,1513.87
378,color_size,3365.59
378,color_size undo_redo,0
379,paths,3.45274
379,colors,2.39514
379,shadows,6.05389
379,frame_time_ms,11.9018
379,virtual_size,983.363
379,allocated_size,1513.87
379,color_size,3365.59
379,color_size undo_redo,0
380,paths,3.74272
380,colors,2.36851
380,shadows,6.18589
380,frame_time_ms,12.2971
380,virtual_size,983.363
380,allocated_size,1513.87
380,color_size,3365.59
380,color_size undo_redo,0
381,paths,3.11398
381,colors,2.96746
381,shadows,6.37133
381,frame_time_ms,12.4528
381,virtual_size,983.363
381,allocated_size,1513.87
381,color_size,3365.59
381,color_size undo_redo,0
382,paths,3.50109
382,colors,2.25792
382,shadows,6.37747
382,frame_time_ms,12.1365
382,virtual_size,983.363
382,allocated_size,1513.87
382,color_size,3365.59
382,color_size undo_redo,0
383,paths,2.98291
383,colors,2.18624
383,shadows,6.0713
383,frame_time_ms,11.2404
383,virtual_size,983.363
383,allocated_size,1513.87
383,color_size,3365.59
383,color_size undo_redo,0
384,paths,2.99907
384,colors,2.52592
384,shadows,6.27712
384,frame_time_ms,11.8021
384,virtual_size,983.363
384,allocated_size,1513.87
384,color_size,3365.59
384,color_size undo_redo,0
385,paths,3.54496
385,colors,2.0592
385,shadows,5.81414
385,frame_time_ms,11.4183
385,virtual_size,983.363
385,allocated_size,1513.87
385,color_size,3365.59
385,color_size undo_redo,0
386,paths,2.80566
386,colors,1.97632
386,shadows,5.93715
386,frame_time_ms,10.7191
386,virtual_size,983.363
386,allocated_size,1513.87
386,color_size,3365.59
386,color_size undo_redo,0
387,paths,2.77709
387,colors,1.94048
387,shadows,5.84192
387,frame_time_ms,10.5595
387,virtual_size,983.363
387,allocated_size,1513.87
387,color_size,3365.59
387,color_size undo_redo,0
388,paths,2.70336
388,colors,2.26096
388,shadows,5.9145
388,frame_time_ms,10.8788
388,virtual_size,983.363
388,allocated_size,1513.87
388,color_size,3365.59
388,color_size undo_redo,0
389,paths,2.70336
389,colors,2.27533
389,shadows,6.02522
389,frame_time_ms,11.0039
389,virtual_size,983.363
389,allocated_size,1513.87
389,color_size,3365.59
389,color_size undo_redo,0
390,paths,2.98282
390,colors,1.8809
390,shadows,6.00768
390,frame_time_ms,10.8714
390,virtual_size,983.363
390,allocated_size,1513.87
390,color_size,3365.59
390,color_size undo_redo,0
391,paths,3.34029
391,colors,1.8767
391,shadows,6.13056
391,frame_time_ms,11.3476
391,virtual_size,983.363
391,allocated_size,1513.87
391,color_size,3365.59
391,color_size undo_redo,0
392,paths,2.76342
392,colors,1.87802
392,shadows,6.00672
392,frame_time_ms,10.6482
392,virtual_size,983.363
392,allocated_size,1513.87
392,color_size,3365.59
392,color_size undo_redo,0
393,paths,2.76582
393,colors,1.90669
393,shadows,6.26995
393,frame_time_ms,10.9425
393,virtual_size,983.363
393,allocated_size,1513.87
393,color_size,3365.59
393,color_size undo_redo,0
394,paths,2.76576
394,colors,2.24237
394,shadows,5.94944
394,frame_time_ms,10.9576
394,virtual_size,983.363
394,allocated_size,1513.87
394,color_size,3365.59
394,color_size undo_redo,0
395,paths,3.32493
395,colors,1.97632
395,shadows,5.96659
395,frame_time_ms,11.2678
395,virtual_size,983.363
395,allocated_size,1513.87
395,color_size,3365.59
395,color_size undo_redo,0
396,paths,3.43651
396,colors,1.99782
396,shadows,6.34778
396,frame_time_ms,11.7821
396,virtual_size,983.363
396,allocated_size,1513.87
396,color_size,3365.59
396,color_size undo_redo,0
397,paths,2.84352
397,colors,2.02109
397,shadows,5.9912
397,frame_time_ms,10.8558
397,virtual_size,983.363
397,allocated_size,1513.87
397,color_size,3365.59
397,color_size undo_redo,0
398,paths,2.89178
398,colors,2.62144
398,shadows,6.04467
398,frame_time_ms,11.5579
398,virtual_size,983.363
398,allocated_size,1513.87
398,color_size,3365.59
398,color_size undo_redo,0
399,paths,3.16109
399,colors,2.05107
399,shadows,6.14176
399,frame_time_ms,11.3539
399,virtual_size,983.363
399,allocated_size,1513.87
399,color_size,3365.59
399,color_size undo_redo,0
400,paths,3.25734
400,colors,2.05824
400,shadows,5.99245
400,frame_time_ms,11.308
400,virtual_size,983.363
400,allocated_size,1513.87
400,color_size,3365.59
400,color_size undo_redo,0
401,paths,2.90413
401,colors,2.52314
401,shadows,5.9257
401,frame_time_ms,11.353
401,virtual_size,983.363
401,allocated_size,1513.87
401,color_size,3365.59
401,color_size undo_redo,0
402,paths,2.89894
402,colors,2.47398
402,shadows,5.7823
402,frame_time_ms,11.1552
402,virtual_size,983.363
402,allocated_size,1513.87
402,color_size,3365.59
402,color_size undo_redo,0
403,paths,3.67107
403,colors,2.15552
403,shadows,5.8016
403,frame_time_ms,11.6282
403,virtual_size,983.363
403,allocated_size,1513.87
403,color_size,3365.59
403,color_size undo_redo,0
404,paths,3.25424
404,colors,2.18822
404,shadows,5.5849
404,frame_time_ms,11.0274
404,virtual_size,983.363
404,allocated_size,1513.87
404,color_size,3365.59
404,color_size undo_redo,0
405,paths,3.20819
405,colors,2.85594
405,shadows,5.88781
405,frame_time_ms,11.9519
405,virtual_size,983.363
405,allocated_size,1513.87
405,color_size,3365.59
405,color_size undo_redo,0
406,paths,2.92147
406,colors,2.4617
406,shadows,6.04262
406,frame_time_ms,11.4258
406,virtual_size,983.363
406,allocated_size,1513.87
406,color_size,3365.59
406,color_size undo_redo,0
407,paths,3.36589
407,colors,2.12685
407,shadows,6.2167
407,frame_time_ms,11.7094
407,virtual_size,983.363
407,allocated_size,1513.87
407,color_size,3365.59
407,color_size undo_redo,0
408,paths,3.20918
408,colors,2.08282
408,shadows,5.98426
408,frame_time_ms,11.2763
408,virtual_size,983.363
408,allocated_size,1513.87
408,color_size,3365.59
408,color_size undo_redo,0
409,paths,3.16794
409,colors,2.05824
409,shadows,5.84797
409,frame_time_ms,11.0741
409,virtual_size,983.363
409,allocated_size,1513.87
409,color_size,3365.59
409,color_size undo_redo,0
410,paths,2.85901
410,colors,2.41123
410,shadows,5.79072
410,frame_time_ms,11.061
410,virtual_size,983.363
410,allocated_size,1513.87
410,color_size,3365.59
410,color_size undo_redo,0
411,paths,3.36486
411,colors,2.0183
411,shadows,5.72608
411,frame_time_ms,11.1092
411,virtual_size,983.363
411,allocated_size,1513.87
411,color_size,3365.59
411,color_size undo_redo,0
412,paths,3.42426
412,colors,2.02138
412,shadows,5.88278
412,frame_time_ms,11.3284
412,virtual_size,983.363
412,allocated_size,1513.87
412,color_size,3365.59
412,color_size undo_redo,0
413,paths,3.1447
413,colors,1.97914
413,shadows,5.56032
413,frame_time_ms,10.6842
413,virtual_size,983.363
413,allocated_size,1513.87
413,color_size,3365.59
413,color_size undo_redo,0
414,paths,2.79046
414,colors,1.86266
414,shadows,5.52755
414,frame_time_ms,10.1807
414,virtual_size,983.363
414,allocated_size,1513.87
414,color_size,3365.59
414,color_size undo_redo,0
415,paths,2.74733
415,colors,1.80205
415,shadows,5.35434
415,frame_time_ms,9.90371
415,virtual_size,983.363
415,allocated_size,1513.87
415,color_size,3365.59
415,color_size undo_redo,0
416,paths,2.72794
416,colors,1.78381
416,shadows,5.10669
416,frame_time_ms,9.61843
416,virtual_size,983.363
416,allocated_size,1513.87
416,color_size,3365.59
416,color_size undo_redo,0
417,paths,3.04947
417,colors,1.79917
417,shadows,4.88234
417,frame_time_ms,9.73098
417,virtual_size,983.363
417,allocated_size,1513.87
417,color_size,3365.59
417,color_size undo_redo,0
418,paths,2.69517
418,colors,1.79712
418,shadows,4.79437
418,frame_time_ms,9.28666
418,virtual_size,983.363
418,allocated_size,1513.87
418,color_size,3365.59
418,color_size undo_redo,0
419,paths,3.06074
419,colors,1.89002
419,shadows,4.736
419,frame_time_ms,9.68675
419,virtual_size,983.363
419,allocated_size,1513.87
419,color_size,3365.59
419,color_size undo_redo,0
420,paths,3.10573
420,colors,1.90854
420,shadows,4.66842
420,frame_time_ms,9.68269
420,virtual_size,983.363
420,allocated_size,1513.87
420,color_size,3365.59
420,color_size undo_redo,0
421,paths,3.10989
421,colors,1.98656
421,shadows,4.76262
421,frame_time_ms,9.85907
421,virtual_size,983.363
421,allocated_size,1513.87
421,color_size,3365.59
421,color_size undo_redo,0
422,paths,3.5072
422,colors,2.01898
422,shadows,4.62643
422,frame_time_ms,10.1526
422,virtual_size,983.363
422,allocated_size,1513.87
422,color_size,3365.59
422,color_size undo_redo,0
423,paths,3.52666
423,colors,2.08384
423,shadows,4.81802
423,frame_time_ms,10.4285
423,virtual_size,983.363
423,allocated_size,1513.87
423,color_size,3365.59
423,color_size undo_redo,0
424,paths,3.66694
424,colors,2.16461
424,shadows,4.6264
424,frame_time_ms,10.458
424,virtual_size,983.363
424,allocated_size,1513.87
424,color_size,3365.59
424,color_size undo_redo,0
425,paths,3.44371
425,colors,2.56294
425,shadows,4.52096
425,frame_time_ms,10.5276
425,virtual_size,983.363
425,allocated_size,1513.87
425,color_size,3365.59
425,color_size undo_redo,0
426,paths,3.35053
426,colors,2.61018
426,shadows,4.40934
426,frame_time_ms,10.37
426,virtual_size,983.363
426,allocated_size,1513.87
426,color_size,3365.59
426,color_size undo_redo,0
427,paths,3.16592
427,colors,3.00547
427,shadows,4.43568
427,frame_time_ms,10.6071
427,virtual_size,983.363
427,allocated_size,1513.87
427,color_size,3365.59
427,color_size undo_redo,0
428,paths,3.46
428,colors,2.67984
428,shadows,4.65075
428,frame_time_ms,10.7906
428,virtual_size,983.363
428,allocated_size,1513.87
428,color_size,3365.59
428,color_size undo_redo,0
429,paths,3.11267
429,colors,2.65011
429,shadows,4.95494
429,frame_time_ms,10.7177
429,virtual_size,983.363
429,allocated_size,1513.87
429,color_size,3365.59
429,color_size undo_redo,0
430,paths,3.30035
430,colors,2.24739
430,shadows,4.60595
430,frame_time_ms,10.1537
430,virtual_size,983.363
430,allocated_size,1513.87
430,color_size,3365.59
430,color_size undo_redo,0
431,paths,3.0505
431,colors,2.1801
431,shadows,4.6039
431,frame_time_ms,9.8345
431,virtual_size,983.363
431,allocated_size,1513.87
431,color_size,3365.59
431,color_size undo_redo,0
432,paths,3.03821
432,colors,2.17498
432,shadows,4.68173
432,frame_time_ms,9.89491
432,virtual_size,983.363
432,allocated_size,1513.87
432,color_size,3365.59
432,color_size undo_redo,0
433,paths,3.60038
433,colors,2.21082
433,shadows,4.7143
433,frame_time_ms,10.5255
433,virtual_size,983.363
433,allocated_size,1513.87
433,color_size,3365.59
433,color_size undo_redo,0
434,paths,3.63107
434,colors,2.18624
434,shadows,4.89882
434,frame_time_ms,10.7161
434,virtual_size,983.363
434,allocated_size,1513.87
434,color_size,3365.59
434,color_size undo_redo,0
435,paths,3.75603
435,colors,2.18522
435,shadows,4.79334
435,frame_time_ms,10.7346
435,virtual_size,983.363
435,allocated_size,1513.87
435,color_size,3365.59
435,color_size undo_redo,0
436,paths,3.62701
436,colors,2.22208
436,shadows,4.71654
436,frame_time_ms,10.5656
436,virtual_size,983.363
436,allocated_size,1513.87
436,color_size,3365.59
436,color_size undo_redo,0
437,paths,3.13856
437,colors,2.25997
437,shadows,4.71933
437,frame_time_ms,10.1179
437,virtual_size,983.363
437,allocated_size,1513.87
437,color_size,3365.59
437,color_size undo_redo,0
438,paths,3.4487
438,colors,2.56512
438,shadows,4.77882
438,frame_time_ms,10.7926
438,virtual_size,983.363
438,allocated_size,1513.87
438,color_size,3365.59
438,color_size undo_redo,0
439,paths,3.41299
439,colors,2.64298
439,shadows,4.45104
439,frame_time_ms,10.507
439,virtual_size,983.363
439,allocated_size,1513.87
439,color_size,3365.59
439,color_size undo_redo,0
440,paths,3.44582
440,colors,2.61427
440,shadows,4.75306
440,frame_time_ms,10.8132
440,virtual_size,983.363
440,allocated_size,1513.87
440,color_size,3365.59
440,color_size undo_redo,0
441,paths,3.18464
441,colors,2.65322
441,shadows,4.72064
441,frame_time_ms,10.5585
441,virtual_size,983.363
441,allocated_size,1513.87
441,color_size,3365.59
441,color_size undo_redo,0
442,paths,4.04173
442,colors,2.34803
442,shadows,4.78822
442,frame_time_ms,11.178
442,virtual_size,983.363
442,allocated_size,1513.87
442,color_size,3365.59
442,color_size undo_redo,0
443,paths,3.85331
443,colors,2.3552
443,shadows,4.51594
443,frame_time_ms,10.7244
443,virtual_size,983.363
443,allocated_size,1513.87
443,color_size,3365.59
443,color_size undo_redo,0
444,paths,3.5287
444,colors,2.68054
444,shadows,4.58854
444,frame_time_ms,10.7978
444,virtual_size,983.363
444,allocated_size,1513.87
444,color_size,3365.59
444,color_size undo_redo,0
445,paths,3.25939
445,colors,3.0505
445,shadows,4.94387
445,frame_time_ms,11.2538
445,virtual_size,983.363
445,allocated_size,1513.87
445,color_size,3365.59
445,color_size undo_redo,0
446,paths,3.29421
446,colors,2.79962
446,shadows,4.93466
446,frame_time_ms,11.0285
446,virtual_size,983.363
446,allocated_size,1513.87
446,color_size,3365.59
446,color_size undo_redo,0
447,paths,3.57274
447,colors,2.43293
447,shadows,4.84966
447,frame_time_ms,10.8553
447,virtual_size,983.363
447,allocated_size,1513.87
447,color_size,3365.59
447,color_size undo_redo,0
448,paths,3.9639
448,colors,2.47789
448,shadows,4.61386
448,frame_time_ms,11.0556
448,virtual_size,983.363
448,allocated_size,1513.87
448,color_size,3365.59
448,color_size undo_redo,0
449,paths,3.93421
449,colors,2.46365
449,shadows,4.5271
449,frame_time_ms,10.925
449,virtual_size,983.363
449,allocated_size,1513.87
449,color_size,3365.59
449,color_size undo_redo,0
450,paths,3.32186
450,colors,2.78733
450,shadows,4.48189
450,frame_time_ms,10.5911
450,virtual_size,983.363
450,allocated_size,1513.87
450,color_size,3365.59
450,color_size undo_redo,0
451,paths,3.34541
451,colors,3.12422
451,shadows,4.86368
451,frame_time_ms,11.3333
451,virtual_size,983.363
451,allocated_size,1513.87
451,color_size,3365.59
451,color_size undo_redo,0
452,paths,3.7376
452,colors,2.57434
452,shadows,4.64486
452,frame_time_ms,10.9568
452,virtual_size,983.363
452,allocated_size,1513.87
452,color_size,3365.59
452,color_size undo_redo,0
453,paths,4.20934
453,colors,2.93581
453,shadows,4.54029
453,frame_time_ms,11.6854
453,virtual_size,983.363
453,allocated_size,1513.87
453,color_size,3365.59
453,color_size undo_redo,0
454,paths,3.99565
454,colors,3.19373
454,shadows,5.03501
454,frame_time_ms,12.2244
454,virtual_size,983.363
454,allocated_size,1513.87
454,color_size,3365.59
454,color_size undo_redo,0
455,paths,4.58957
455,colors,2.74739
455,shadows,4.76467
455,frame_time_ms,12.1016
455,virtual_size,983.363
455,allocated_size,1513.87
455,color_size,3365.59
455,color_size undo_redo,0
456,paths,3.7079
456,colors,2.99213
456,shadows,5.26525
456,frame_time_ms,11.9653
456,virtual_size,983.363
456,allocated_size,1513.87
456,color_size,3365.59
456,color_size undo_redo,0
457,paths,3.9936
457,colors,2.65011
457,shadows,5.10157
457,frame_time_ms,11.7453
457,virtual_size,983.363
457,allocated_size,1513.87
457,color_size,3365.59
457,color_size undo_redo,0
458,paths,4.37453
458,colors,2.63475
458,shadows,5.10259
458,frame_time_ms,12.1119
458,virtual_size,983.363
458,allocated_size,1513.87
458,color_size,3365.59
458,color_size undo_redo,0
459,paths,3.76525
459,colors,3.31878
459,shadows,5.44358
459,frame_time_ms,12.5276
459,virtual_size,983.363
459,allocated_size,1513.87
459,color_size,3365.59
459,color_size undo_redo,0
460,paths,4.49638
460,colors,2.81674
460,shadows,5.33891
460,frame_time_ms,12.652
460,virtual_size,983.363
460,allocated_size,1513.87
460,color_size,3365.59
460,color_size undo_redo,0
461,paths,3.88608
461,colors,3.53075
461,shadows,5.83475
461,frame_time_ms,13.2516
461,virtual_size,983.363
461,allocated_size,1513.87
461,color_size,3365.59
461,color_size undo_redo,0
462,paths,4.59562
462,colors,2.88563
462,shadows,5.99859
462,frame_time_ms,13.4798
462,virtual_size,983.363
462,allocated_size,1513.87
462,color_size,3365.59
462,color_size undo_redo,0
463,paths,4.47488
463,colors,2.96035
463,shadows,6.8831
463,frame_time_ms,14.3183
463,virtual_size,983.363
463,allocated_size,1513.87
463,color_size,3365.59
463,color_size undo_redo,0
464,paths,3.94138
464,colors,3.59731
464,shadows,7.03146
464,frame_time_ms,14.5701
464,virtual_size,983.363
464,allocated_size,1513.87
464,color_size,3365.59
464,color_size undo_redo,0
465,paths,3.93011
465,colors,3.19181
465,shadows,7.08198
465,frame_time_ms,14.2039
465,virtual_size,983.363
465,allocated_size,1513.87
465,color_size,3365.59
465,color_size undo_redo,0
466,paths,4.35709
466,colors,2.93171
466,shadows,7.06048
466,frame_time_ms,14.3493
466,virtual_size,983.363
466,allocated_size,1513.87
466,color_size,3365.59
466,color_size undo_redo,0
467,paths,4.22678
467,colors,2.92454
467,shadows,7.56326
467,frame_time_ms,14.7146
467,virtual_size,983.363
467,allocated_size,1513.87
467,color_size,3365.59
467,color_size undo_redo,0
468,paths,4.23322
468,colors,3.28806
468,shadows,7.18128
468,frame_time_ms,14.7026
468,virtual_size,983.363
468,allocated_size,1513.87
468,color_size,3365.59
468,color_size undo_redo,0
469,paths,3.9288
469,colors,3.59936
469,shadows,7.24154
469,frame_time_ms,14.7697
469,virtual_size,983.363
469,allocated_size,1513.87
469,color_size,3365.59
469,color_size undo_redo,0
470,paths,4.16768
470,colors,3.3297
470,shadows,7.23235
470,frame_time_ms,14.7297
470,virtual_size,983.363
470,allocated_size,1513.87
470,color_size,3365.59
470,color_size undo_redo,0
471,paths,4.41526
471,colors,3.0935
471,shadows,7.29395
471,frame_time_ms,14.8027
471,virtual_size,983.363
471,allocated_size,1513.87
471,color_size,3365.59
471,color_size undo_redo,0
472,paths,4.34483
472,colors,2.77795
472,shadows,7.02976
472,frame_time_ms,14.1525
472,virtual_size,983.363
472,allocated_size,1513.87
472,color_size,3365.59
472,color_size undo_redo,0
473,paths,4.01411
473,colors,3.12013
473,shadows,7.24992
473,frame_time_ms,14.3842
473,virtual_size,983.363
473,allocated_size,1513.87
473,color_size,3365.59
473,color_size undo_redo,0
474,paths,3.70378
474,colors,3.42618
474,shadows,7.41888
474,frame_time_ms,14.5488
474,virtual_size,983.363
474,allocated_size,1513.87
474,color_size,3365.59
474,color_size undo_redo,0
475,paths,3.97619
475,colors,3.01955
475,shadows,7.34688
475,frame_time_ms,14.3426
475,virtual_size,983.363
475,allocated_size,1513.87
475,color_size,3365.59
475,color_size undo_redo,0
476,paths,4.27395
476,colors,2.69926
476,shadows,7.1895
476,frame_time_ms,14.1627
476,virtual_size,983.363
476,allocated_size,1513.87
476,color_size,3365.59
476,color_size undo_redo,0
477,paths,4.15744
477,colors,3.07814
477,shadows,7.20077
477,frame_time_ms,14.4364
477,virtual_size,983.363
477,allocated_size,1513.87
477,color_size,3365.59
477,color_size undo_redo,0
478,paths,3.58502
478,colors,3.32902
478,shadows,6.88096
478,frame_time_ms,13.795
478,virtual_size,983.363
478,allocated_size,1513.87
478,color_size,3365.59
478,color_size undo_redo,0
479,paths,3.88506
479,colors,2.98496
479,shadows,6.68262
479,frame_time_ms,13.5526
479,virtual_size,983.363
479,allocated_size,1513.87
479,color_size,3365.59
479,color_size undo_redo,0
480,paths,5.61766
480,colors,3.00442
480,shadows,6.528
480,frame_time_ms,15.1501
480,virtual_size,983.363
480,allocated_size,1513.87
480,color_size,3365.59
480,color_size undo_redo,0
481,paths,4.21376
481,colors,2.62963
481,shadows,6.39587
481,frame_time_ms,13.2393
481,virtual_size,983.363
481,allocated_size,1513.87
481,color_size,3365.59
481,color_size undo_redo,0
482,paths,3.74989
482,colors,2.95424
482,shadows,6.04365
482,frame_time_ms,12.7478
482,virtual_size,983.363
482,allocated_size,1513.87
482,color_size,3365.59
482,color_size undo_redo,0
483,paths,3.5113
483,colors,2.59379
483,shadows,5.75078
483,frame_time_ms,11.8559
483,virtual_size,983.363
483,allocated_size,1513.87
483,color_size,3365.59
483,color_size undo_redo,0
484,paths,3.76422
484,colors,2.57229
484,shadows,5.79686
484,frame_time_ms,12.1334
484,virtual_size,983.363
484,allocated_size,1513.87
484,color_size,3365.59
484,color_size undo_redo,0
485,paths,3.45475
485,colors,2.97674
485,shadows,5.5489
485,frame_time_ms,11.9804
485,virtual_size,983.363
485,allocated_size,1513.87
485,color_size,3365.59
485,color_size undo_redo,0
486,paths,3.45498
486,colors,2.79142
486,shadows,5.42208
486,frame_time_ms,11.6685
486,virtual_size,983.363
486,allocated_size,1513.87
486,color_size,3365.59
486,color_size undo_redo,0
487,paths,4.23629
487,colors,2.51478
487,shadows,5.35334
487,frame_time_ms,12.1044
487,virtual_size,983.363
487,allocated_size,1513.87
487,color_size,3365.59
487,color_size undo_redo,0
488,paths,3.44141
488,colors,2.75126
488,shadows,5.66982
488,frame_time_ms,11.8625
488,virtual_size,983.363
488,allocated_size,1513.87
488,color_size,3365.59
488,color_size undo_redo,0
489,paths,3.97005
489,colors,2.38694
489,shadows,5.40467
489,frame_time_ms,11.7617
489,virtual_size,983.363
489,allocated_size,1513.87
489,color_size,3365.59
489,color_size undo_redo,0
490,paths,3.35667
490,colors,2.65626
490,shadows,4.9705
490,frame_time_ms,10.9834
490,virtual_size,983.363
490,allocated_size,1513.87
490,color_size,3365.59
490,color_size undo_redo,0
491,paths,4.32416
491,colors,2.32742
491,shadows,5.05446
491,frame_time_ms,11.706
491,virtual_size,983.363
491,allocated_size,1513.87
491,color_size,3365.59
491,color_size undo_redo,0
492,paths,3.40275
492,colors,2.61325
492,shadows,5.20192
492,frame_time_ms,11.2179
492,virtual_size,983.363
492,allocated_size,1513.87
492,color_size,3365.59
492,color_size undo_redo,0
493,paths,3.65875
493,colors,2.72979
493,shadows,5.05037
493,frame_time_ms,11.4389
493,virtual_size,983.363
493,allocated_size,1513.87
493,color_size,3365.59
493,color_size undo_redo,0
494,paths,3.75603
494,colors,2.9952
494,shadows,5.10566
494,frame_time_ms,11.8569
494,virtual_size,983.363
494,allocated_size,1513.87
494,color_size,3365.59
494,color_size undo_redo,0
495,paths,3.6905
495,colors,2.66736
495,shadows,5.13325
495,frame_time_ms,11.4911
495,virtual_size,983.363
495,allocated_size,1513.87
495,color_size,3365.59
495,color_size undo_redo,0
496,paths,4.08678
496,colors,2.32339
496,shadows,5.09133
496,frame_time_ms,11.5015
496,virtual_size,983.363
496,allocated_size,1513.87
496,color_size,3365.59
496,color_size undo_redo,0
497,paths,3.48336
497,colors,2.62963
497,shadows,4.81075
497,frame_time_ms,10.9237
497,virtual_size,983.363
497,allocated_size,1513.87
497,color_size,3365.59
497,color_size undo_redo,0
498,paths,3.47443
498,colors,3.00646
498,shadows,5.17734
498,frame_time_ms,11.6582
498,virtual_size,983.363
498,allocated_size,1513.87
498,color_size,3365.59
498,color_size undo_redo,0
499,paths,4.16032
499,colors,2.36426
499,shadows,4.87606
499,frame_time_ms,11.4006
499,virtual_size,983.363
499,allocated_size,1513.87
499,color_size,3365.59
499,color_size undo_redo,0
500,paths,4.1175
500,colors,2.35622
500,shadows,4.88755
500,frame_time_ms,11.3613
500,virtual_size,983.363
500,allocated_size,1513.87
500,color_size,3365.59
500,color_size undo_redo,0
501,paths,3.57251
501,colors,2.61299
501,shadows,4.98659
501,frame_time_ms,11.1721
501,virtual_size,983.363
501,allocated_size,1513.87
501,color_size,3365.59
501,color_size undo_redo,0
502,paths,3.8656
502,colors,2.70541
502,shadows,5.22221
502,frame_time_ms,11.7932
502,virtual_size,983.363
502,allocated_size,1513.87
502,color_size,3365.59
502,color_size undo_redo,0
503,paths,4.51994
503,colors,2.33568
503,shadows,5.28794
503,frame_time_ms,12.1436
503,virtual_size,983.363
503,allocated_size,1513.87
503,color_size,3365.59
503,color_size undo_redo,0
504,paths,3.60858
504,colors,2.62861
504,shadows,5.4272
504,frame_time_ms,11.6644
504,virtual_size,983.363
504,allocated_size,1513.87
504,color_size,3365.59
504,color_size undo_redo,0
505,paths,3.64442
505,colors,2.54438
505,shadows,5.53776
505,frame_time_ms,11.7266
505,virtual_size,983.363
505,allocated_size,1513.87
505,color_size,3365.59
505,color_size undo_redo,0
506,paths,4.23834
506,colors,2.16781
506,shadows,5.77946
506,frame_time_ms,12.1856
506,virtual_size,983.363
506,allocated_size,1513.87
506,color_size,3365.59
506,color_size undo_redo,0
507,paths,3.94138
507,colors,2.50163
507,shadows,5.56749
507,frame_time_ms,12.0105
507,virtual_size,983.363
507,allocated_size,1513.87
507,color_size,3365.59
507,color_size undo_redo,0
508,paths,3.66899
508,colors,2.51802
508,shadows,5.76819
508,frame_time_ms,11.9552
508,virtual_size,983.363
508,allocated_size,1513.87
508,color_size,3365.59
508,color_size undo_redo,0
509,paths,4.33242
509,colors,2.18112
509,shadows,5.57568
509,frame_time_ms,12.0892
509,virtual_size,983.363
509,allocated_size,1513.87
509,color_size,3365.59
509,color_size undo_redo,0
510,paths,3.73757
510,colors,2.51494
510,shadows,5.5959
510,frame_time_ms,11.8484
510,virtual_size,983.363
510,allocated_size,1513.87
510,color_size,3365.59
510,color_size undo_redo,0
511,paths,3.74477
511,colors,2.21165
511,shadows,5.89917
511,frame_time_ms,11.8556
511,virtual_size,983.363
511,allocated_size,1513.87
511,color_size,3365.59
511,color_size undo_redo,0
512,paths,4.42778
512,colors,2.2272
512,shadows,5.47942
512,frame_time_ms,12.1344
512,virtual_size,983.363
512,allocated_size,1513.87
512,color_size,3365.59
512,color_size undo_redo,0
513,paths,3.77936
513,colors,2.90099
513,shadows,5.94304
513,frame_time_ms,12.6234
513,virtual_size,983.363
513,allocated_size,1513.87
513,color_size,3365.59
513,color_size undo_redo,0
514,paths,4.40115
514,colors,2.23334
514,shadows,5.76512
514,frame_time_ms,12.3996
514,virtual_size,983.363
514,allocated_size,1513.87
514,color_size,3365.59
514,color_size undo_redo,0
515,paths,3.68842
515,colors,2.49734
515,shadows,5.93395
515,frame_time_ms,12.1197
515,virtual_size,983.363
515,allocated_size,1513.87
515,color_size,3365.59
515,color_size undo_redo,0
516,paths,3.90349
516,colors,2.59072
516,shadows,5.50707
516,frame_time_ms,12.0013
516,virtual_size,983.363
516,allocated_size,1513.87
516,color_size,3365.59
516,color_size undo_redo,0
517,paths,4.27706
517,colors,2.19827
517,shadows,5.5624
517,frame_time_ms,12.0377
517,virtual_size,983.363
517,allocated_size,1513.87
517,color_size,3365.59
517,color_size undo_redo,0
518,paths,3.93011
518,colors,2.85184
518,shadows,5.49376
518,frame_time_ms,12.2757
518,virtual_size,983.363
518,allocated_size,1513.87
518,color_size,3365.59
518,color_size undo_redo,0
519,paths,3.83693
519,colors,2.10838
519,shadows,5.63901
519,frame_time_ms,11.5843
519,virtual_size,983.363
519,allocated_size,1513.87
519,color_size,3365.59
519,color_size undo_redo,0
520,paths,4.09578
520,colors,1.98973
520,shadows,5.59206
520,frame_time_ms,11.6776
520,virtual_size,983.363
520,allocated_size,1513.87
520,color_size,3365.59
520,color_size undo_redo,0
521,paths,3.42733
521,colors,2.2743
521,shadows,5.59411
521,frame_time_ms,11.2957
521,virtual_size,983.363
521,allocated_size,1513.87
521,color_size,3365.59
521,color_size undo_redo,0
522,paths,3.32083
522,colors,2.13402
522,shadows,5.69344
522,frame_time_ms,11.1483
522,virtual_size,983.363
522,allocated_size,1513.87
522,color_size,3365.59
522,color_size undo_redo,0
523,paths,3.93328
523,colors,1.76742
523,shadows,5.21114
523,frame_time_ms,10.9118
523,virtual_size,983.363
523,allocated_size,1513.87
523,color_size,3365.59
523,color_size undo_redo,0
524,paths,3.86426
524,colors,1.72851
524,shadows,5.56339
524,frame_time_ms,11.1562
524,virtual_size,983.363
524,allocated_size,1513.87
524,color_size,3365.59
524,color_size undo_redo,0
525,paths,3.23584
525,colors,1.67834
525,shadows,5.77843
525,frame_time_ms,10.6926
525,virtual_size,983.363
525,allocated_size,1513.87
525,color_size,3365.59
525,color_size undo_redo,0
526,paths,3.13549
526,colors,1.65962
526,shadows,5.52234
526,frame_time_ms,10.3174
526,virtual_size,983.363
526,allocated_size,1513.87
526,color_size,3365.59
526,color_size undo_redo,0
527,paths,3.42835
527,colors,1.63635
527,shadows,5.23366
527,frame_time_ms,10.2984
527,virtual_size,983.363
527,allocated_size,1513.87
527,color_size,3365.59
527,color_size undo_redo,0
528,paths,3.42829
528,colors,1.60557
528,shadows,5.5767
528,frame_time_ms,10.6106
528,virtual_size,983.363
528,allocated_size,1513.87
528,color_size,3365.59
528,color_size undo_redo,0
529,paths,3.50925
529,colors,1.97939
529,shadows,5.58592
529,frame_time_ms,11.0746
529,virtual_size,983.363
529,allocated_size,1513.87
529,color_size,3365.59
529,color_size undo_redo,0
530,paths,4.01715
530,colors,1.7152
530,shadows,5.5815
530,frame_time_ms,11.3139
530,virtual_size,983.363
530,allocated_size,1513.87
530,color_size,3365.59
530,color_size undo_redo,0
531,paths,4.17587
531,colors,1.7664
531,shadows,5.3719
531,frame_time_ms,11.3142
531,virtual_size,983.363
531,allocated_size,1513.87
531,color_size,3365.59
531,color_size undo_redo,0
532,paths,3.74579
532,colors,2.1225
532,shadows,5.06544
532,frame_time_ms,10.9337
532,virtual_size,983.363
532,allocated_size,1513.87
532,color_size,3365.59
532,color_size undo_redo,0
533,paths,3.88915
533,colors,2.05517
533,shadows,5.24595
533,frame_time_ms,11.1903
533,virtual_size,983.363
533,allocated_size,1513.87
533,color_size,3365.59
533,color_size undo_redo,0
534,paths,4.13286
534,colors,1.6424
534,shadows,5.28384
534,frame_time_ms,11.0591
534,virtual_size,983.363
534,allocated_size,1513.87
534,color_size,3365.59
534,color_size undo_redo,0
535,paths,4.13901
535,colors,1.64845
535,shadows,5.0903
535,frame_time_ms,10.8778
535,virtual_size,983.363
535,allocated_size,1513.87
535,color_size,3365.59
535,color_size undo_redo,0
536,paths,3.49594
536,colors,1.62918
536,shadows,5.15686
536,frame_time_ms,10.282
536,virtual_size,983.363
536,allocated_size,1513.87
536,color_size,3365.59
536,color_size undo_redo,0
537,paths,3.51949
537,colors,1.63021
537,shadows,5.15482
537,frame_time_ms,10.3045
537,virtual_size,983.363
537,allocated_size,1513.87
537,color_size,3365.59
537,color_size undo_redo,0
538,paths,3.5072
538,colors,1.95885
538,shadows,4.8384
538,frame_time_ms,10.3044
538,virtual_size,983.363
538,allocated_size,1513.87
538,color_size,3365.59
538,color_size undo_redo,0
539,paths,3.77856
539,colors,1.89952
539,shadows,5.13011
539,frame_time_ms,10.8082
539,virtual_size,983.363
539,allocated_size,1513.87
539,color_size,3365.59
539,color_size undo_redo,0
540,paths,3.52051
540,colors,2.01216
540,shadows,5.27232
540,frame_time_ms,10.805
540,virtual_size,983.363
540,allocated_size,1513.87
540,color_size,3365.59
540,color_size undo_redo,0
541,paths,3.78166
541,colors,1.6169
541,shadows,5.11386
541,frame_time_ms,10.5124
541,virtual_size,983.363
541,allocated_size,1513.87
541,color_size,3365.59
541,color_size undo_redo,0
542,paths,4.16666
542,colors,1.61792
542,shadows,5.12512
542,frame_time_ms,10.9097
542,virtual_size,983.363
542,allocated_size,1513.87
542,color_size,3365.59
542,color_size undo_redo,0
543,paths,3.85331
543,colors,1.62416
543,shadows,4.81075
543,frame_time_ms,10.2882
543,virtual_size,983.363
543,allocated_size,1513.87
543,color_size,3365.59
543,color_size undo_redo,0
544,paths,3.98438
544,colors,1.61792
544,shadows,5.14029
544,frame_time_ms,10.7426
544,virtual_size,983.363
544,allocated_size,1513.87
544,color_size,3365.59
544,color_size undo_redo,0
545,paths,3.55626
545,colors,1.62714
545,shadows,5.1968
545,frame_time_ms,10.3802
545,virtual_size,983.363
545,allocated_size,1513.87
545,color_size,3365.59
545,color_size undo_redo,0
546,paths,3.5256
546,colors,1.9241
546,shadows,5.18042
546,frame_time_ms,10.6301
546,virtual_size,983.363
546,allocated_size,1513.87
546,color_size,3365.59
546,color_size undo_redo,0
547,paths,3.57683
547,colors,2.13075
547,shadows,4.83738
547,frame_time_ms,10.545
547,virtual_size,983.363
547,allocated_size,1513.87
547,color_size,3365.59
547,color_size undo_redo,0
548,paths,3.52154
548,colors,1.96608
548,shadows,5.08006
548,frame_time_ms,10.5677
548,virtual_size,983.363
548,allocated_size,1513.87
548,color_size,3365.59
548,color_size undo_redo,0
549,paths,3.85821
549,colors,1.6087
549,shadows,5.37066
549,frame_time_ms,10.8376
549,virtual_size,983.363
549,allocated_size,1513.87
549,color_size,3365.59
549,color_size undo_redo,0
550,paths,4.16666
550,colors,1.58515
550,shadows,5.20909
550,frame_time_ms,10.9609
550,virtual_size,983.363
550,allocated_size,1513.87
550,color_size,3365.59
550,color_size undo_redo,0
551,paths,4.16666
551,colors,1.61046
551,shadows,5.02579
551,frame_time_ms,10.8029
551,virtual_size,983.363
551,allocated_size,1513.87
551,color_size,3365.59
551,color_size undo_redo,0
552,paths,3.54099
552,colors,1.60563
552,shadows,5.09952
552,frame_time_ms,10.2461
552,virtual_size,983.363
552,allocated_size,1513.87
552,color_size,3365.59
552,color_size undo_redo,0
553,paths,3.55226
553,colors,1.89338
553,shadows,4.7687
553,frame_time_ms,10.2143
553,virtual_size,983.363
553,allocated_size,1513.87
553,color_size,3365.59
553,color_size undo_redo,0
554,paths,3.85638
554,colors,1.9824
554,shadows,5.06982
554,frame_time_ms,10.9086
554,virtual_size,983.363
554,allocated_size,1513.87
554,color_size,3365.59
554,color_size undo_redo,0
555,paths,3.89808
555,colors,1.59539
555,shadows,5.17939
555,frame_time_ms,10.6729
555,virtual_size,983.363
555,allocated_size,1513.87
555,color_size,3365.59
555,color_size undo_redo,0
556,paths,3.8697
556,colors,1.52269
556,shadows,5.65862
556,frame_time_ms,11.051
556,virtual_size,983.363
556,allocated_size,1513.87
556,color_size,3365.59
556,color_size undo_redo,0
557,paths,3.75395
557,colors,1.50016
557,shadows,5.15277
557,frame_time_ms,10.4069
557,virtual_size,983.363
557,allocated_size,1513.87
557,color_size,3365.59
557,color_size undo_redo,0
558,paths,3.42528
558,colors,1.49402
558,shadows,5.17018
558,frame_time_ms,10.0895
558,virtual_size,983.363
558,allocated_size,1513.87
558,color_size,3365.59
558,color_size undo_redo,0
559,paths,3.41171
559,colors,1.46227
559,shadows,5.11264
559,frame_time_ms,9.98662
559,virtual_size,983.363
559,allocated_size,1513.87
559,color_size,3365.59
559,color_size undo_redo,0
560,paths,3.43222
560,colors,1.42438
560,shadows,5.11072
560,frame_time_ms,9.96733
560,virtual_size,983.363
560,allocated_size,1513.87
560,color_size,3365.59
560,color_size undo_redo,0
561,paths,3.44269
561,colors,1.68042
561,shadows,4.73702
561,frame_time_ms,9.86013
561,virtual_size,983.363
561,allocated_size,1513.87
561,color_size,3365.59
561,color_size undo_redo,0
562,paths,3.44474
562,colors,1.66605
562,shadows,4.68349
562,frame_time_ms,9.79427
562,virtual_size,983.363
562,allocated_size,1513.87
562,color_size,3365.59
562,color_size undo_redo,0
563,paths,3.52666
563,colors,1.72134
563,shadows,5.05037
563,frame_time_ms,10.2984
563,virtual_size,983.363
563,allocated_size,1513.87
563,color_size,3365.59
563,color_size undo_redo,0
564,paths,3.76422
564,colors,1.36704
564,shadows,5.18038
564,frame_time_ms,10.3116
564,virtual_size,983.363
564,allocated_size,1513.87
564,color_size,3365.59
564,color_size undo_redo,0
565,paths,4.06016
565,colors,1.3721
565,shadows,5.11283
565,frame_time_ms,10.5451
565,virtual_size,983.363
565,allocated_size,1513.87
565,color_size,3365.59
565,color_size undo_redo,0
566,paths,4.06426
566,colors,1.34758
566,shadows,5.02784
566,frame_time_ms,10.4397
566,virtual_size,983.363
566,allocated_size,1513.87
566,color_size,3365.59
566,color_size undo_redo,0
567,paths,3.74682
567,colors,1.35472
567,shadows,5.17088
567,frame_time_ms,10.2724
567,virtual_size,983.363
567,allocated_size,1513.87
567,color_size,3365.59
567,color_size undo_redo,0
568,paths,3.62291
568,colors,1.6169
568,shadows,4.74214
568,frame_time_ms,9.98195
568,virtual_size,983.363
568,allocated_size,1513.87
568,color_size,3365.59
568,color_size undo_redo,0
569,paths,4.36326
569,colors,1.31789
569,shadows,5.07578
569,frame_time_ms,10.7569
569,virtual_size,983.363
569,allocated_size,1513.87
569,color_size,3365.59
569,color_size undo_redo,0
570,paths,3.72736
570,colors,1.29843
570,shadows,5.13536
570,frame_time_ms,10.1612
570,virtual_size,983.363
570,allocated_size,1513.87
570,color_size,3365.59
570,color_size undo_redo,0
571,paths,3.38432
571,colors,1.29229
571,shadows,5.02989
571,frame_time_ms,9.7065
571,virtual_size,983.363
571,allocated_size,1513.87
571,color_size,3365.59
571,color_size undo_redo,0
572,paths,3.39744
572,colors,1.26874
572,shadows,5.03706
572,frame_time_ms,9.70323
572,virtual_size,983.363
572,allocated_size,1513.87
572,color_size,3365.59
572,color_size undo_redo,0
573,paths,3.43859
573,colors,1.58208
573,shadows,5.14048
573,frame_time_ms,10.1612
573,virtual_size,983.363
573,allocated_size,1513.87
573,color_size,3365.59
573,color_size undo_redo,0
574,paths,3.47238
574,colors,1.25542
574,shadows,5.1415
574,frame_time_ms,9.86931
574,virtual_size,983.363
574,allocated_size,1513.87
574,color_size,3365.59
574,color_size undo_redo,0
575,paths,3.38214
575,colors,1.6096
575,shadows,5.05651
575,frame_time_ms,10.0483
575,virtual_size,983.363
575,allocated_size,1513.87
575,color_size,3365.59
575,color_size undo_redo,0
576,paths,3.37818
576,colors,1.57891
576,shadows,4.8568
576,frame_time_ms,9.81389
576,virtual_size,983.363
576,allocated_size,1513.87
576,color_size,3365.59
576,color_size undo_redo,0
577,paths,3.37894
577,colors,1.55034
577,shadows,5.30726
577,frame_time_ms,10.2365
577,virtual_size,983.363
577,allocated_size,1513.87
577,color_size,3365.59
577,color_size undo_redo,0
578,paths,3.65158
578,colors,1.15693
578,shadows,5.18544
578,frame_time_ms,9.99395
578,virtual_size,983.363
578,allocated_size,1513.87
578,color_size,3365.59
578,color_size undo_redo,0
579,paths,3.65158
579,colors,1.1264
579,shadows,5.2265
579,frame_time_ms,10.0045
579,virtual_size,983.363
579,allocated_size,1513.87
579,color_size,3365.59
579,color_size undo_redo,0
580,paths,4.20557
580,colors,1.08627
580,shadows,5.22035
580,frame_time_ms,10.5122
580,virtual_size,983.363
580,allocated_size,1513.87
580,color_size,3365.59
580,color_size undo_redo,0
581,paths,3.86262
581,colors,1.07213
581,shadows,5.65248
581,frame_time_ms,10.5872
581,virtual_size,983.363
581,allocated_size,1513.87
581,color_size,3365.59
581,color_size undo_redo,0
582,paths,3.57683
582,colors,1.04346
582,shadows,5.39926
582,frame_time_ms,10.0196
582,virtual_size,983.363
582,allocated_size,1513.87
582,color_size,3365.59
582,color_size undo_redo,0
583,paths,3.85024
583,colors,1.01376
583,shadows,5.40134
583,frame_time_ms,10.2653
583,virtual_size,983.363
583,allocated_size,1513.87
583,color_size,3365.59
583,color_size undo_redo,0
584,paths,3.4519
584,colors,0.997376
584,shadows,5.67603
584,frame_time_ms,10.1253
584,virtual_size,983.363
584,allocated_size,1513.87
584,color_size,3365.59
584,color_size undo_redo,0
585,paths,3.06278
585,colors,0.973824
585,shadows,5.95866
585,frame_time_ms,9.99526
585,virtual_size,983.363
585,allocated_size,1513.87
585,color_size,3365.59
585,color_size undo_redo,0
586,paths,2.94195
586,colors,0.940832
586,shadows,6.02931
586,frame_time_ms,9.9121
586,virtual_size,983.363
586,allocated_size,1513.87
586,color_size,3365.59
586,color_size undo_redo,0
587,paths,2.85491
587,colors,0.942848
587,shadows,6.09075
587,frame_time_ms,9.88851
587,virtual_size,983.363
587,allocated_size,1513.87
587,color_size,3365.59
587,color_size undo_redo,0
588,paths,2.8127
588,colors,0.887808
588,shadows,6.04579
588,frame_time_ms,9.7463
588,virtual_size,983.363
588,allocated_size,1513.87
588,color_size,3365.59
588,color_size undo_redo,0
589,paths,2.7904
589,colors,0.862208
589,shadows,6.26381
589,frame_time_ms,9.91642
589,virtual_size,983.363
589,allocated_size,1513.87
589,color_size,3365.59
589,color_size undo_redo,0
590,paths,3.07814
590,colors,0.854016
590,shadows,6.02829
590,frame_time_ms,9.96045
590,virtual_size,983.363
590,allocated_size,1513.87
590,color_size,3365.59
590,color_size undo_redo,0
591,paths,2.76275
591,colors,0.82528
591,shadows,5.8623
591,frame_time_ms,9.45034
591,virtual_size,983.363
591,allocated_size,1513.87
591,color_size,3365.59
591,color_size undo_redo,0
592,paths,2.75354
592,colors,0.804704
592,shadows,6.05184
592,frame_time_ms,9.61008
592,virtual_size,983.363
592,allocated_size,1513.87
592,color_size,3365.59
592,color_size undo_redo,0
593,paths,2.74422
593,colors,0.82944
593,shadows,5.75258
593,frame_time_ms,9.32624
593,virtual_size,983.363
593,allocated_size,1513.87
593,color_size,3365.59
593,color_size undo_redo,0
594,paths,3.10784
594,colors,0.806912
594,shadows,5.50586
594,frame_time_ms,9.42061
594,virtual_size,983.363
594,allocated_size,1513.87
594,color_size,3365.59
594,color_size undo_redo,0
595,paths,3.41606
595,colors,0.791232
595,shadows,5.50096
595,frame_time_ms,9.70826
595,virtual_size,983.363
595,allocated_size,1513.87
595,color_size,3365.59
595,color_size undo_redo,0
596,paths,3.04621
596,colors,0.786432
596,shadows,5.57363
596,frame_time_ms,9.40627
596,virtual_size,983.363
596,allocated_size,1513.87
596,color_size,3365.59
596,color_size undo_redo,0
597,paths,3.0215
597,colors,0.78336
597,shadows,5.46406
597,frame_time_ms,9.26893
597,virtual_size,983.363
597,allocated_size,1513.87
597,color_size,3365.59
597,color_size undo_redo,0
598,paths,3.29626
598,colors,0.766976
598,shadows,5.49786
598,frame_time_ms,9.56109
598,virtual_size,983.363
598,allocated_size,1513.87
598,color_size,3365.59
598,color_size undo_redo,0
599,paths,2.97165
599,colors,0.764928
599,shadows,5.45894
599,frame_time_ms,9.19552
599,virtual_size,983.363
599,allocated_size,1513.87
599,color_size,3365.59
599,color_size undo_redo,0
600,paths,3.26742
600,colors,0.771072
600,shadows,5.43203
600,frame_time_ms,9.47053
600,virtual_size,983.363
600,allocated_size,1513.87
600,color_size,3365.59
600,color_size undo_redo,0
601,paths,3.02358
601,colors,0.769024
601,shadows,5.53574
601,frame_time_ms,9.32835
601,virtual_size,983.363
601,allocated_size,1513.87
601,color_size,3365.59
601,color_size undo_redo,0
602,paths,2.62349
602,colors,0.74752
602,shadows,5.6064
602,frame_time_ms,8.97741
602,virtual_size,983.363
602,allocated_size,1513.87
602,color_size,3365.59
602,color_size undo_redo,0
603,paths,2.60614
603,colors,0.738304
603,shadows,5.07494
603,frame_time_ms,8.41939
603,virtual_size,983.363
603,allocated_size,1513.87
603,color_size,3365.59
603,color_size undo_redo,0
604,paths,2.89168
604,colors,0.748544
604,shadows,5.44051
604,frame_time_ms,9.08074
604,virtual_size,983.363
604,allocated_size,1513.87
604,color_size,3365.59
604,color_size undo_redo,0
605,paths,2.58355
605,colors,0.736256
605,shadows,5.67091
605,frame_time_ms,8.99072
605,virtual_size,983.363
605,allocated_size,1513.87
605,color_size,3365.59
605,color_size undo_redo,0
606,paths,2.59664
606,colors,0.730016
606,shadows,5.42003
606,frame_time_ms,8.74669
606,virtual_size,983.363
606,allocated_size,1513.87
606,color_size,3365.59
606,color_size undo_redo,0
607,paths,3.19382
607,colors,0.722944
607,shadows,5.24362
607,frame_time_ms,9.16038
607,virtual_size,983.363
607,allocated_size,1513.87
607,color_size,3365.59
607,color_size undo_redo,0
608,paths,2.80474
608,colors,0.723968
608,shadows,5.52038
608,frame_time_ms,9.04909
608,virtual_size,983.363
608,allocated_size,1513.87
608,color_size,3365.59
608,color_size undo_redo,0
609,paths,2.52621
609,colors,0.70832
609,shadows,4.94285
609,frame_time_ms,8.17738
609,virtual_size,983.363
609,allocated_size,1513.87
609,color_size,3365.59
609,color_size undo_redo,0
610,paths,2.49725
610,colors,0.703488
610,shadows,5.25702
610,frame_time_ms,8.45776
610,virtual_size,983.363
610,allocated_size,1513.87
610,color_size,3365.59
610,color_size undo_redo,0
611,paths,2.47296
611,colors,0.6912
611,shadows,5.5337
611,frame_time_ms,8.69786
611,virtual_size,983.363
611,allocated_size,1513.87
611,color_size,3365.59
611,color_size undo_redo,0
612,paths,3.10374
612,colors,0.694112
612,shadows,5.37907
612,frame_time_ms,9.17693
612,virtual_size,983.363
612,allocated_size,1513.87
612,color_size,3365.59
612,color_size undo_redo,0
613,paths,3.07098
613,colors,0.679936
613,shadows,5.13946
613,frame_time_ms,8.89037
613,virtual_size,983.363
613,allocated_size,1513.87
613,color_size,3365.59
613,color_size undo_redo,0
614,paths,2.42586
614,colors,0.66048
614,shadows,4.8384
614,frame_time_ms,7.92474
614,virtual_size,983.363
614,allocated_size,1513.87
614,color_size,3365.59
614,color_size undo_redo,0
615,paths,2.41766
615,colors,0.669696
615,shadows,5.43744
615,frame_time_ms,8.5248
615,virtual_size,983.363
615,allocated_size,1513.87
615,color_size,3365.59
615,color_size undo_redo,0
616,paths,2.80576
616,colors,0.662528
616,shadows,5.16403
616,frame_time_ms,8.63232
616,virtual_size,983.363
616,allocated_size,1513.87
616,color_size,3365.59
616,color_size undo_redo,0
617,paths,2.84058
617,colors,0.65536
617,shadows,5.02957
617,frame_time_ms,8.5255
617,virtual_size,983.363
617,allocated_size,1513.87
617,color_size,3365.59
617,color_size undo_redo,0
618,paths,2.39002
618,colors,0.653312
618,shadows,5.24083
618,frame_time_ms,8.28416
618,virtual_size,983.363
618,allocated_size,1513.87
618,color_size,3365.59
618,color_size undo_redo,0
619,paths,2.65622
619,colors,0.635904
619,shadows,5.04525
619,frame_time_ms,8.33738
619,virtual_size,983.363
619,allocated_size,1513.87
619,color_size,3365.59
619,color_size undo_redo,0
620,paths,2.35827
620,colors,0.646144
620,shadows,5.2777
620,frame_time_ms,8.28211
620,virtual_size,983.363
620,allocated_size,1513.87
620,color_size,3365.59
620,color_size undo_redo,0
621,paths,2.61632
621,colors,0.631808
621,shadows,4.99078
621,frame_time_ms,8.23891
621,virtual_size,983.363
621,allocated_size,1513.87
621,color_size,3365.59
621,color_size undo_redo,0
622,paths,2.21901
622,colors,0.618496
622,shadows,4.94182
622,frame_time_ms,7.77933
622,virtual_size,983.363
622,allocated_size,1513.87
622,color_size,3365.59
622,color_size undo_redo,0
623,paths,2.21696
623,colors,0.615136
623,shadows,4.91418
623,frame_time_ms,7.74627
623,virtual_size,983.363
623,allocated_size,1513.87
623,color_size,3365.59
623,color_size undo_redo,0
624,paths,2.86925
624,colors,0.608096
624,shadows,5.15584
624,frame_time_ms,8.63318
624,virtual_size,983.363
624,allocated_size,1513.87
624,color_size,3365.59
624,color_size undo_redo,0
625,paths,2.21594
625,colors,0.607168
625,shadows,4.51686
625,frame_time_ms,7.33997
625,virtual_size,983.363
625,allocated_size,1513.87
625,color_size,3365.59
625,color_size undo_redo,0
626,paths,2.22208
626,colors,0.598016
626,shadows,5.12307
626,frame_time_ms,7.94317
626,virtual_size,983.363
626,allocated_size,1513.87
626,color_size,3365.59
626,color_size undo_redo,0
627,paths,2.77197
627,colors,0.597792
627,shadows,4.92208
627,frame_time_ms,8.29184
627,virtual_size,983.363
627,allocated_size,1513.87
627,color_size,3365.59
627,color_size undo_redo,0
628,paths,2.29069
628,colors,0.595776
628,shadows,4.74624
628,frame_time_ms,7.6327
628,virtual_size,983.363
628,allocated_size,1513.87
628,color_size,3365.59
628,color_size undo_redo,0
629,paths,2.32141
629,colors,0.585728
629,shadows,5.14352
629,frame_time_ms,8.05066
629,virtual_size,983.363
629,allocated_size,1513.87
629,color_size,3365.59
629,color_size undo_redo,0
630,paths,2.21389
630,colors,0.577536
630,shadows,4.86099
630,frame_time_ms,7.65242
630,virtual_size,983.363
630,allocated_size,1513.87
630,color_size,3365.59
630,color_size undo_redo,0
631,paths,2.18317
631,colors,0.571392
631,shadows,4.82406
631,frame_time_ms,7.57862
631,virtual_size,983.363
631,allocated_size,1513.87
631,color_size,3365.59
631,color_size undo_redo,0
632,paths,1.84525
632,colors,0.565952
632,shadows,4.81792
632,frame_time_ms,7.22912
632,virtual_size,983.363
632,allocated_size,1513.87
632,color_size,3365.59
632,color_size undo_redo,0
633,paths,1.88826
633,colors,0.574432
633,shadows,5.05446
633,frame_time_ms,7.51715
633,virtual_size,983.363
633,allocated_size,1513.87
633,color_size,3365.59
633,color_size undo_redo,0
634,paths,1.94554
634,colors,0.571328
634,shadows,5.09318
634,frame_time_ms,7.61005
634,virtual_size,983.363
634,allocated_size,1513.87
634,color_size,3365.59
634,color_size undo_redo,0
635,paths,2.39923
635,colors,0.585728
635,shadows,5.10566
635,frame_time_ms,8.09062
635,virtual_size,983.363
635,allocated_size,1513.87
635,color_size,3365.59
635,color_size undo_redo,0
636,paths,1.98861
636,colors,0.587776
636,shadows,4.79642
636,frame_time_ms,7.3728
636,virtual_size,983.363
636,allocated_size,1513.87
636,color_size,3365.59
636,color_size undo_redo,0
637,paths,1.98554
637,colors,0.589824
637,shadows,4.94678
637,frame_time_ms,7.52214
637,virtual_size,983.363
637,allocated_size,1513.87
637,color_size,3365.59
637,color_size undo_redo,0
638,paths,2.23642
638,colors,0.59168
638,shadows,5.07802
638,frame_time_ms,7.90611
638,virtual_size,983.363
638,allocated_size,1513.87
638,color_size,3365.59
638,color_size undo_redo,0
639,paths,2.048
639,colors,0.596992
639,shadows,4.47354
639,frame_time_ms,7.11853
639,virtual_size,983.363
639,allocated_size,1513.87
639,color_size,3365.59
639,color_size undo_redo,0
640,paths,2.09408
640,colors,0.60416
640,shadows,5.07667
640,frame_time_ms,7.77491
640,virtual_size,983.363
640,allocated_size,1513.87
640,color_size,3365.59
640,color_size undo_redo,0
641,paths,2.62042
641,colors,0.605952
641,shadows,4.9449
641,frame_time_ms,8.17126
641,virtual_size,983.363
641,allocated_size,1513.87
641,color_size,3365.59
641,color_size undo_redo,0
642,paths,2.11763
642,colors,0.59904
642,shadows,4.55885
642,frame_time_ms,7.27552
642,virtual_size,983.363
642,allocated_size,1513.87
642,color_size,3365.59
642,color_size undo_redo,0
643,paths,2.43002
643,colors,0.626688
643,shadows,5.20909
643,frame_time_ms,8.26579
643,virtual_size,983.363
643,allocated_size,1513.87
643,color_size,3365.59
643,color_size undo_redo,0
644,paths,2.72557
644,colors,0.628736
644,shadows,5.0391
644,frame_time_ms,8.39341
644,virtual_size,983.363
644,allocated_size,1513.87
644,color_size,3365.59
644,color_size undo_redo,0
645,paths,2.22925
645,colors,0.626688
645,shadows,4.71005
645,frame_time_ms,7.56598
645,virtual_size,983.363
645,allocated_size,1513.87
645,color_size,3365.59
645,color_size undo_redo,0
646,paths,2.23232
646,colors,0.647168
646,shadows,5.31354
646,frame_time_ms,8.19302
646,virtual_size,983.363
646,allocated_size,1513.87
646,color_size,3365.59
646,color_size undo_redo,0
647,paths,2.64499
647,colors,0.65024
647,shadows,5.14538
647,frame_time_ms,8.44061
647,virtual_size,983.363
647,allocated_size,1513.87
647,color_size,3365.59
647,color_size undo_redo,0
648,paths,2.88042
648,colors,0.653312
648,shadows,5.30003
648,frame_time_ms,8.83376
648,virtual_size,983.363
648,allocated_size,1513.87
648,color_size,3365.59
648,color_size undo_redo,0
649,paths,2.50061
649,colors,0.663552
649,shadows,4.79437
649,frame_time_ms,7.95853
649,virtual_size,983.363
649,allocated_size,1513.87
649,color_size,3365.59
649,color_size undo_redo,0
650,paths,2.55283
650,colors,0.662528
650,shadows,5.19885
650,frame_time_ms,8.41421
650,virtual_size,983.363
650,allocated_size,1513.87
650,color_size,3365.59
650,color_size undo_redo,0
651,paths,2.27622
651,colors,0.677888
651,shadows,5.46304
651,frame_time_ms,8.41715
651,virtual_size,983.363
651,allocated_size,1513.87
651,color_size,3365.59
651,color_size undo_redo,0
652,paths,2.95526
652,colors,0.677888
652,shadows,5.10259
652,frame_time_ms,8.73574
652,virtual_size,983.363
652,allocated_size,1513.87
652,color_size,3365.59
652,color_size undo_redo,0
653,paths,2.356
653,colors,0.685056
653,shadows,4.86074
653,frame_time_ms,7.90179
653,virtual_size,983.363
653,allocated_size,1513.87
653,color_size,3365.59
653,color_size undo_redo,0
654,paths,2.40198
654,colors,0.692128
654,shadows,5.44768
654,frame_time_ms,8.54179
654,virtual_size,983.363
654,allocated_size,1513.87
654,color_size,3365.59
654,color_size undo_redo,0
655,paths,2.80678
655,colors,0.697056
655,shadows,5.24083
655,frame_time_ms,8.74467
655,virtual_size,983.363
655,allocated_size,1513.87
655,color_size,3365.59
655,color_size undo_redo,0
656,paths,3.0249
656,colors,0.70144
656,shadows,5.12512
656,frame_time_ms,8.85146
656,virtual_size,983.363
656,allocated_size,1513.87
656,color_size,3365.59
656,color_size undo_redo,0
657,paths,2.7392
657,colors,0.704512
657,shadows,5.39034
657,frame_time_ms,8.83405
657,virtual_size,983.363
657,allocated_size,1513.87
657,color_size,3365.59
657,color_size undo_redo,0
658,paths,2.77818
658,colors,0.70528
658,shadows,4.84762
658,frame_time_ms,8.33107
658,virtual_size,983.363
658,allocated_size,1513.87
658,color_size,3365.59
658,color_size undo_redo,0
659,paths,2.47398
659,colors,0.714752
659,shadows,5.49171
659,frame_time_ms,8.68045
659,virtual_size,983.363
659,allocated_size,1513.87
659,color_size,3365.59
659,color_size undo_redo,0
660,paths,2.52314
660,colors,0.715776
660,shadows,5.46611
660,frame_time_ms,8.70502
660,virtual_size,983.363
660,allocated_size,1513.87
660,color_size,3365.59
660,color_size undo_redo,0
661,paths,3.23466
661,colors,0.72272
661,shadows,5.26925
661,frame_time_ms,9.22662
661,virtual_size,983.363
661,allocated_size,1513.87
661,color_size,3365.59
661,color_size undo_redo,0
662,paths,3.25222
662,colors,0.726016
662,shadows,5.12381
662,frame_time_ms,9.10205
662,virtual_size,983.363
662,allocated_size,1513.87
662,color_size,3365.59
662,color_size undo_redo,0
663,paths,2.93776
663,colors,0.734208
663,shadows,5.28995
663,frame_time_ms,8.96192
663,virtual_size,983.363
663,allocated_size,1513.87
663,color_size,3365.59
663,color_size undo_redo,0
664,paths,2.89965
664,colors,0.692224
664,shadows,5.08922
664,frame_time_ms,8.68109
664,virtual_size,983.363
664,allocated_size,1513.87
664,color_size,3365.59
664,color_size undo_redo,0
665,paths,2.65114
665,colors,0.690176
665,shadows,5.11558
665,frame_time_ms,8.4569
665,virtual_size,983.363
665,allocated_size,1513.87
665,color_size,3365.59
665,color_size undo_redo,0
666,paths,2.62758
666,colors,0.674816
666,shadows,5.33706
666,frame_time_ms,8.63946
666,virtual_size,983.363
666,allocated_size,1513.87
666,color_size,3365.59
666,color_size undo_redo,0
667,paths,2.9655
667,colors,0.654176
667,shadows,5.26234
667,frame_time_ms,8.88202
667,virtual_size,983.363
667,allocated_size,1513.87
667,color_size,3365.59
667,color_size undo_redo,0
668,paths,3.19898
668,colors,0.651264
668,shadows,4.87117
668,frame_time_ms,8.72141
668,virtual_size,983.363
668,allocated_size,1513.87
668,color_size,3365.59
668,color_size undo_redo,0
669,paths,2.78717
669,colors,0.626688
669,shadows,4.73805
669,frame_time_ms,8.1519
669,virtual_size,983.363
669,allocated_size,1513.87
669,color_size,3365.59
669,color_size undo_redo,0
670,paths,2.45555
670,colors,0.597824
670,shadows,4.86502
670,frame_time_ms,7.9184
670,virtual_size,983.363
670,allocated_size,1513.87
670,color_size,3365.59
670,color_size undo_redo,0
671,paths,2.78608
671,colors,0.600032
671,shadows,4.8391
671,frame_time_ms,8.22522
671,virtual_size,983.363
671,allocated_size,1513.87
671,color_size,3365.59
671,color_size undo_redo,0
672,paths,2.80234
672,colors,0.59472
672,shadows,4.75203
672,frame_time_ms,8.14909
672,virtual_size,983.363
672,allocated_size,1513.87
672,color_size,3365.59
672,color_size undo_redo,0
673,paths,2.55693
673,colors,0.59392
673,shadows,4.72371
673,frame_time_ms,7.87456
673,virtual_size,983.363
673,allocated_size,1513.87
673,color_size,3365.59
673,color_size undo_redo,0
674,paths,2.5815
674,colors,0.597664
674,shadows,5.00211
674,frame_time_ms,8.18128
674,virtual_size,983.363
674,allocated_size,1513.87
674,color_size,3365.59
674,color_size undo_redo,0
675,paths,3.18259
675,colors,0.598016
675,shadows,4.77389
675,frame_time_ms,8.5545
675,virtual_size,983.363
675,allocated_size,1513.87
675,color_size,3365.59
675,color_size undo_redo,0
676,paths,2.85798
676,colors,0.590848
676,shadows,4.76877
676,frame_time_ms,8.2176
676,virtual_size,983.363
676,allocated_size,1513.87
676,color_size,3365.59
676,color_size undo_redo,0
677,paths,2.86589
677,colors,0.58768
677,shadows,4.40627
677,frame_time_ms,7.85984
677,virtual_size,983.363
677,allocated_size,1513.87
677,color_size,3365.59
677,color_size undo_redo,0
678,paths,2.59277
678,colors,0.586752
678,shadows,4.9408
678,frame_time_ms,8.12032
678,virtual_size,983.363
678,allocated_size,1513.87
678,color_size,3365.59
678,color_size undo_redo,0
679,paths,3.01773
679,colors,0.592576
679,shadows,5.03194
679,frame_time_ms,8.64224
679,virtual_size,983.363
679,allocated_size,1513.87
679,color_size,3365.59
679,color_size undo_redo,0
680,paths,3.21126
680,colors,0.594912
680,shadows,4.62746
680,frame_time_ms,8.43363
680,virtual_size,983.363
680,allocated_size,1513.87
680,color_size,3365.59
680,color_size undo_redo,0
681,paths,3.13242
681,colors,0.601088
681,shadows,4.76467
681,frame_time_ms,8.49818
681,virtual_size,983.363
681,allocated_size,1513.87
681,color_size,3365.59
681,color_size undo_redo,0
682,paths,2.58243
682,colors,0.595968
682,shadows,4.36122
682,frame_time_ms,7.53962
682,virtual_size,983.363
682,allocated_size,1513.87
682,color_size,3365.59
682,color_size undo_redo,0
683,paths,2.58765
683,colors,0.596992
683,shadows,4.95923
683,frame_time_ms,8.14387
683,virtual_size,983.363
683,allocated_size,1513.87
683,color_size,3365.59
683,color_size undo_redo,0
684,paths,3.06381
684,colors,0.599968
684,shadows,4.90803
684,frame_time_ms,8.57181
684,virtual_size,983.363
684,allocated_size,1513.87
684,color_size,3365.59
684,color_size undo_redo,0
685,paths,2.86102
685,colors,0.581632
685,shadows,4.75955
685,frame_time_ms,8.20221
685,virtual_size,983.363
685,allocated_size,1513.87
685,color_size,3365.59
685,color_size undo_redo,0
686,paths,2.5856
686,colors,0.601088
686,shadows,4.72883
686,frame_time_ms,7.91552
686,virtual_size,983.363
686,allocated_size,1513.87
686,color_size,3365.59
686,color_size undo_redo,0
687,paths,2.82829
687,colors,0.607232
687,shadows,4.97459
687,frame_time_ms,8.41011
687,virtual_size,983.363
687,allocated_size,1513.87
687,color_size,3365.59
687,color_size undo_redo,0
688,paths,3.24915
688,colors,0.606208
688,shadows,4.77264
688,frame_time_ms,8.628
688,virtual_size,983.363
688,allocated_size,1513.87
688,color_size,3365.59
688,color_size undo_redo,0
689,paths,2.59174
689,colors,0.598016
689,shadows,4.36019
689,frame_time_ms,7.54995
689,virtual_size,983.363
689,allocated_size,1513.87
689,color_size,3365.59
689,color_size undo_redo,0
690,paths,2.59174
690,colors,0.608256
690,shadows,4.9367
690,frame_time_ms,8.1367
690,virtual_size,983.363
690,allocated_size,1513.87
690,color_size,3365.59
690,color_size undo_redo,0
691,paths,2.89894
691,colors,0.602112
691,shadows,4.94797
691,frame_time_ms,8.44902
691,virtual_size,983.363
691,allocated_size,1513.87
691,color_size,3365.59
691,color_size undo_redo,0
692,paths,2.93478
692,colors,0.623616
692,shadows,4.89242
692,frame_time_ms,8.45082
692,virtual_size,983.363
692,allocated_size,1513.87
692,color_size,3365.59
692,color_size undo_redo,0
693,paths,2.73101
693,colors,0.651104
693,shadows,4.81146
693,frame_time_ms,8.19357
693,virtual_size,983.363
693,allocated_size,1513.87
693,color_size,3365.59
693,color_size undo_redo,0
694,paths,2.76992
694,colors,0.6656
694,shadows,4.95821
694,frame_time_ms,8.39373
694,virtual_size,983.363
694,allocated_size,1513.87
694,color_size,3365.59
694,color_size undo_redo,0
695,paths,3.14982
695,colors,0.694272
695,shadows,5.13117
695,frame_time_ms,8.97526
695,virtual_size,983.363
695,allocated_size,1513.87
695,color_size,3365.59
695,color_size undo_redo,0
696,paths,3.53894
696,colors,0.707584
696,shadows,5.10883
696,frame_time_ms,9.35536
696,virtual_size,983.363
696,allocated_size,1513.87
696,color_size,3365.59
696,color_size undo_redo,0
697,paths,3.36691
697,colors,0.73216
697,shadows,5.14342
697,frame_time_ms,9.2425
697,virtual_size,983.363
697,allocated_size,1513.87
697,color_size,3365.59
697,color_size undo_redo,0
698,paths,3.13446
698,colors,0.751616
698,shadows,5.17926
698,frame_time_ms,9.06534
698,virtual_size,983.363
698,allocated_size,1513.87
698,color_size,3365.59
698,color_size undo_redo,0
699,paths,2.90285
699,colors,0.799744
699,shadows,5.18963
699,frame_time_ms,8.89222
699,virtual_size,983.363
699,allocated_size,1513.87
699,color_size,3365.59
699,color_size undo_redo,0
700,paths,2.8713
700,colors,0.729984
700,shadows,4.90387
700,frame_time_ms,8.50515
700,virtual_size,983.363
700,allocated_size,1513.87
700,color_size,3365.59
700,color_size undo_redo,0
701,paths,2.85696
701,colors,0.73216
701,shadows,5.28672
701,frame_time_ms,8.87584
701,virtual_size,983.363
701,allocated_size,1513.87
701,color_size,3365.59
701,color_size undo_redo,0
702,paths,2.8608
702,colors,0.736256
702,shadows,5.56752
702,frame_time_ms,9.16458
702,virtual_size,983.363
702,allocated_size,1513.87
702,color_size,3365.59
702,color_size undo_redo,0
703,paths,2.86694
703,colors,0.740352
703,shadows,5.54598
703,frame_time_ms,9.15328
703,virtual_size,983.363
703,allocated_size,1513.87
703,color_size,3365.59
703,color_size undo_redo,0
704,paths,3.26144
704,colors,0.730112
704,shadows,5.21293
704,frame_time_ms,9.20448
704,virtual_size,983.363
704,allocated_size,1513.87
704,color_size,3365.59
704,color_size undo_redo,0
705,paths,3.48768
705,colors,0.73216
705,shadows,5.47203
705,frame_time_ms,9.69187
705,virtual_size,983.363
705,allocated_size,1513.87
705,color_size,3365.59
705,color_size undo_redo,0
706,paths,3.49389
706,colors,0.737216
706,shadows,5.49581
706,frame_time_ms,9.72691
706,virtual_size,983.363
706,allocated_size,1513.87
706,color_size,3365.59
706,color_size undo_redo,0
707,paths,3.12013
707,colors,0.72704
707,shadows,5.19885
707,frame_time_ms,9.04602
707,virtual_size,983.363
707,allocated_size,1513.87
707,color_size,3365.59
707,color_size undo_redo,0
708,paths,3.08394
708,colors,0.718848
708,shadows,5.23981
708,frame_time_ms,9.04259
708,virtual_size,983.363
708,allocated_size,1513.87
708,color_size,3365.59
708,color_size undo_redo,0
709,paths,2.82112
709,colors,0.72704
709,shadows,4.89232
709,frame_time_ms,8.44048
709,virtual_size,983.363
709,allocated_size,1513.87
709,color_size,3365.59
709,color_size undo_redo,0
710,paths,2.79962
710,colors,0.717824
710,shadows,5.18861
710,frame_time_ms,8.70605
710,virtual_size,983.363
710,allocated_size,1513.87
710,color_size,3365.59
710,color_size undo_redo,0
711,paths,2.80986
711,colors,0.713632
711,shadows,5.46061
711,frame_time_ms,8.9841
711,virtual_size,983.363
711,allocated_size,1513.87
711,color_size,3365.59
711,color_size undo_redo,0
712,paths,2.74944
712,colors,0.70144
712,shadows,5.45997
712,frame_time_ms,8.91085
712,virtual_size,983.363
712,allocated_size,1513.87
712,color_size,3365.59
712,color_size undo_redo,0
713,paths,3.10358
713,colors,0.7096
713,shadows,5.27565
713,frame_time_ms,9.08883
713,virtual_size,983.363
713,allocated_size,1513.87
713,color_size,3365.59
713,color_size undo_redo,0
714,paths,3.41904
714,colors,0.703456
714,shadows,5.19776
714,frame_time_ms,9.32026
714,virtual_size,983.363
714,allocated_size,1513.87
714,color_size,3365.59
714,color_size undo_redo,0
715,paths,3.32698
715,colors,0.697344
715,shadows,5.10259
715,frame_time_ms,9.12691
715,virtual_size,983.363
715,allocated_size,1513.87
715,color_size,3365.59
715,color_size undo_redo,0
716,paths,3.55738
716,colors,0.693248
716,shadows,5.08211
716,frame_time_ms,9.33274
716,virtual_size,983.363
716,allocated_size,1513.87
716,color_size,3365.59
716,color_size undo_redo,0
717,paths,2.80662
717,colors,0.694272
717,shadows,5.30637
717,frame_time_ms,8.80726
717,virtual_size,983.363
717,allocated_size,1513.87
717,color_size,3365.59
717,color_size undo_redo,0
718,paths,2.89485
718,colors,0.68096
718,shadows,4.79926
718,frame_time_ms,8.37507
718,virtual_size,983.363
718,allocated_size,1513.87
718,color_size,3365.59
718,color_size undo_redo,0
719,paths,3.15904
719,colors,0.700416
719,shadows,5.16608
719,frame_time_ms,9.02554
719,virtual_size,983.363
719,allocated_size,1513.87
719,color_size,3365.59
719,color_size undo_redo,0
720,paths,2.84138
720,colors,0.699392
720,shadows,5.44973
720,frame_time_ms,8.9905
720,virtual_size,983.363
720,allocated_size,1513.87
720,color_size,3365.59
720,color_size undo_redo,0
721,paths,3.19357
721,colors,0.699232
721,shadows,5.07802
721,frame_time_ms,8.97082
721,virtual_size,983.363
721,allocated_size,1513.87
721,color_size,3365.59
721,color_size undo_redo,0
722,paths,3.43859
722,colors,0.699392
722,shadows,5.07053
722,frame_time_ms,9.20851
722,virtual_size,983.363
722,allocated_size,1513.87
722,color_size,3365.59
722,color_size undo_redo,0
723,paths,3.5543
723,colors,0.714496
723,shadows,5.2183
723,frame_time_ms,9.4871
723,virtual_size,983.363
723,allocated_size,1513.87
723,color_size,3365.59
723,color_size undo_redo,0
724,paths,3.01363
724,colors,0.72192
724,shadows,5.39946
724,frame_time_ms,9.13501
724,virtual_size,983.363
724,allocated_size,1513.87
724,color_size,3365.59
724,color_size undo_redo,0
725,paths,2.99696
725,colors,0.694272
725,shadows,4.80051
725,frame_time_ms,8.49174
725,virtual_size,983.363
725,allocated_size,1513.87
725,color_size,3365.59
725,color_size undo_redo,0
726,paths,2.9921
726,colors,0.689152
726,shadows,4.75443
726,frame_time_ms,8.43568
726,virtual_size,983.363
726,allocated_size,1513.87
726,color_size,3365.59
726,color_size undo_redo,0
727,paths,2.71667
727,colors,0.684992
727,shadows,5.33914
727,frame_time_ms,8.7408
727,virtual_size,983.363
727,allocated_size,1513.87
727,color_size,3365.59
727,color_size undo_redo,0
728,paths,3.0505
728,colors,0.687104
728,shadows,5.2409
728,frame_time_ms,8.9785
728,virtual_size,983.363
728,allocated_size,1513.87
728,color_size,3365.59
728,color_size undo_redo,0
729,paths,3.3239
729,colors,0.694272
729,shadows,5.28589
729,frame_time_ms,9.30406
729,virtual_size,983.363
729,allocated_size,1513.87
729,color_size,3365.59
729,color_size undo_redo,0
730,paths,3.33312
730,colors,0.681984
730,shadows,5.10867
730,frame_time_ms,9.12378
730,virtual_size,983.363
730,allocated_size,1513.87
730,color_size,3365.59
730,color_size undo_redo,0
731,paths,2.72589
731,colors,0.681984
731,shadows,5.20272
731,frame_time_ms,8.61059
731,virtual_size,983.363
731,allocated_size,1513.87
731,color_size,3365.59
731,color_size undo_redo,0
732,paths,2.72282
732,colors,0.681664
732,shadows,5.15277
732,frame_time_ms,8.55725
732,virtual_size,983.363
732,allocated_size,1513.87
732,color_size,3365.59
732,color_size undo_redo,0
733,paths,2.97165
733,colors,0.68096
733,shadows,5.16403
733,frame_time_ms,8.81664
733,virtual_size,983.363
733,allocated_size,1513.87
733,color_size,3365.59
733,color_size undo_redo,0
734,paths,2.70234
734,colors,0.676864
734,shadows,5.43949
734,frame_time_ms,8.81869
734,virtual_size,983.363
734,allocated_size,1513.87
734,color_size,3365.59
734,color_size undo_redo,0
735,paths,3.3432
735,colors,0.676864
735,shadows,5.51731
735,frame_time_ms,9.53738
735,virtual_size,983.363
735,allocated_size,1513.87
735,color_size,3365.59
735,color_size undo_redo,0
736,paths,3.36486
736,colors,0.684928
736,shadows,5.38112
736,frame_time_ms,9.43091
736,virtual_size,983.363
736,allocated_size,1513.87
736,color_size,3365.59
736,color_size undo_redo,0
737,paths,3.57478
737,colors,0.691936
737,shadows,5.36166
737,frame_time_ms,9.62838
737,virtual_size,983.363
737,allocated_size,1513.87
737,color_size,3365.59
737,color_size undo_redo,0
738,paths,3.22662
738,colors,0.704512
738,shadows,5.66272
738,frame_time_ms,9.59386
738,virtual_size,983.363
738,allocated_size,1513.87
738,color_size,3365.59
738,color_size undo_redo,0
739,paths,3.10058
739,colors,0.711616
739,shadows,5.65453
739,frame_time_ms,9.46672
739,virtual_size,983.363
739,allocated_size,1513.87
739,color_size,3365.59
739,color_size undo_redo,0
740,paths,3.25306
740,colors,0.711328
740,shadows,5.37373
740,frame_time_ms,9.33811
740,virtual_size,983.363
740,allocated_size,1513.87
740,color_size,3365.59
740,color_size undo_redo,0
741,paths,4.03866
741,colors,0.722944
741,shadows,5.43539
741,frame_time_ms,10.197
741,virtual_size,983.363
741,allocated_size,1513.87
741,color_size,3365.59
741,color_size undo_redo,0
742,paths,3.76624
742,colors,0.724896
742,shadows,5.38522
742,frame_time_ms,9.87635
742,virtual_size,983.363
742,allocated_size,1513.87
742,color_size,3365.59
742,color_size undo_redo,0
743,paths,3.67411
743,colors,0.7424
743,shadows,5.79997
743,frame_time_ms,10.2165
743,virtual_size,983.363
743,allocated_size,1513.87
743,color_size,3365.59
743,color_size undo_redo,0
744,paths,3.60858
744,colors,0.715712
744,shadows,5.51811
744,frame_time_ms,9.8424
744,virtual_size,983.363
744,allocated_size,1513.87
744,color_size,3365.59
744,color_size undo_redo,0
745,paths,3.49389
745,colors,0.69632
745,shadows,5.39341
745,frame_time_ms,9.58362
745,virtual_size,983.363
745,allocated_size,1513.87
745,color_size,3365.59
745,color_size undo_redo,0
746,paths,3.2953
746,colors,0.6912
746,shadows,5.41082
746,frame_time_ms,9.39731
746,virtual_size,983.363
746,allocated_size,1513.87
746,color_size,3365.59
746,color_size undo_redo,0
747,paths,3.1343
747,colors,0.70032
747,shadows,5.80301
747,frame_time_ms,9.63763
747,virtual_size,983.363
747,allocated_size,1513.87
747,color_size,3365.59
747,color_size undo_redo,0
748,paths,3.11808
748,colors,0.690176
748,shadows,5.73338
748,frame_time_ms,9.54163
748,virtual_size,983.363
748,allocated_size,1513.87
748,color_size,3365.59
748,color_size undo_redo,0
749,paths,3.11398
749,colors,0.686112
749,shadows,5.40058
749,frame_time_ms,9.20067
749,virtual_size,983.363
749,allocated_size,1513.87
749,color_size,3365.59
749,color_size undo_redo,0
750,paths,3.41402
750,colors,0.687104
750,shadows,5.44666
750,frame_time_ms,9.54778
750,virtual_size,983.363
750,allocated_size,1513.87
750,color_size,3365.59
750,color_size undo_redo,0
751,paths,3.16928
751,colors,0.690016
751,shadows,5.43027
751,frame_time_ms,9.28957
751,virtual_size,983.363
751,allocated_size,1513.87
751,color_size,3365.59
751,color_size undo_redo,0
752,paths,2.81274
752,colors,0.677888
752,shadows,5.55622
752,frame_time_ms,9.04685
752,virtual_size,983.363
752,allocated_size,1513.87
752,color_size,3365.59
752,color_size undo_redo,0
753,paths,3.12013
753,colors,0.683008
753,shadows,5.77811
753,frame_time_ms,9.58125
753,virtual_size,983.363
753,allocated_size,1513.87
753,color_size,3365.59
753,color_size undo_redo,0
754,paths,3.28909
754,colors,0.681696
754,shadows,5.39853
754,frame_time_ms,9.36931
754,virtual_size,983.363
754,allocated_size,1513.87
754,color_size,3365.59
754,color_size undo_redo,0
755,paths,3.06278
755,colors,0.683008
755,shadows,5.37088
755,frame_time_ms,9.11667
755,virtual_size,983.363
755,allocated_size,1513.87
755,color_size,3365.59
755,color_size undo_redo,0
756,paths,2.8119
756,colors,0.687072
756,shadows,5.63501
756,frame_time_ms,9.13398
756,virtual_size,983.363
756,allocated_size,1513.87
756,color_size,3365.59
756,color_size undo_redo,0
757,paths,2.83853
757,colors,0.681984
757,shadows,5.51424
757,frame_time_ms,9.03475
757,virtual_size,983.363
757,allocated_size,1513.87
757,color_size,3365.59
757,color_size undo_redo,0
758,paths,2.67674
758,colors,0.679936
758,shadows,5.4743
758,frame_time_ms,8.83098
758,virtual_size,983.363
758,allocated_size,1513.87
758,color_size,3365.59
758,color_size undo_redo,0
759,paths,2.97472
759,colors,0.68176
759,shadows,5.66886
759,frame_time_ms,9.32534
759,virtual_size,983.363
759,allocated_size,1513.87
759,color_size,3365.59
759,color_size undo_redo,0
760,paths,3.02797
760,colors,0.679936
760,shadows,5.65555
760,frame_time_ms,9.36346
760,virtual_size,983.363
760,allocated_size,1513.87
760,color_size,3365.59
760,color_size undo_redo,0
761,paths,3.00749
761,colors,0.692224
761,shadows,5.6064
761,frame_time_ms,9.30611
761,virtual_size,983.363
761,allocated_size,1513.87
761,color_size,3365.59
761,color_size undo_redo,0
762,paths,3.03901
762,colors,0.699392
762,shadows,5.47299
762,frame_time_ms,9.21139
762,virtual_size,983.363
762,allocated_size,1513.87
762,color_size,3365.59
762,color_size undo_redo,0
763,paths,3.38413
763,colors,0.695168
763,shadows,5.13126
763,frame_time_ms,9.21056
763,virtual_size,983.363
763,allocated_size,1513.87
763,color_size,3365.59
763,color_size undo_redo,0
764,paths,3.38944
764,colors,0.702464
764,shadows,5.14765
764,frame_time_ms,9.23955
764,virtual_size,983.363
764,allocated_size,1513.87
764,color_size,3365.59
764,color_size undo_redo,0
765,paths,3.41408
765,colors,0.687104
765,shadows,5.42522
765,frame_time_ms,9.5264
765,virtual_size,983.363
765,allocated_size,1513.87
765,color_size,3365.59
765,color_size undo_redo,0
766,paths,3.35258
766,colors,0.677888
766,shadows,5.19648
766,frame_time_ms,9.22694
766,virtual_size,983.363
766,allocated_size,1513.87
766,color_size,3365.59
766,color_size undo_redo,0
767,paths,2.79347
767,colors,0.68672
767,shadows,5.03501
767,frame_time_ms,8.5152
767,virtual_size,983.363
767,allocated_size,1513.87
767,color_size,3365.59
767,color_size undo_redo,0
768,paths,2.67878
768,colors,0.663552
768,shadows,5.09747
768,frame_time_ms,8.43981
768,virtual_size,983.363
768,allocated_size,1513.87
768,color_size,3365.59
768,color_size undo_redo,0
769,paths,2.70643
769,colors,0.678624
769,shadows,5.06982
769,frame_time_ms,8.45488
769,virtual_size,983.363
769,allocated_size,1513.87
769,color_size,3365.59
769,color_size undo_redo,0
770,paths,2.36627
770,colors,0.678912
770,shadows,5.15994
770,frame_time_ms,8.20512
770,virtual_size,983.363
770,allocated_size,1513.87
770,color_size,3365.59
770,color_size undo_redo,0
771,paths,2.3552
771,colors,0.669408
771,shadows,5.44838
771,frame_time_ms,8.47299
771,virtual_size,983.363
771,allocated_size,1513.87
771,color_size,3365.59
771,color_size undo_redo,0
772,paths,2.69805
772,colors,0.662528
772,shadows,5.43334
772,frame_time_ms,8.79392
772,virtual_size,983.363
772,allocated_size,1513.87
772,color_size,3365.59
772,color_size undo_redo,0
773,paths,3.00826
773,colors,0.6656
773,shadows,5.23869
773,frame_time_ms,8.91254
773,virtual_size,983.363
773,allocated_size,1513.87
773,color_size,3365.59
773,color_size undo_redo,0
774,paths,2.68368
774,colors,0.651264
774,shadows,4.79642
774,frame_time_ms,8.13136
774,virtual_size,983.363
774,allocated_size,1513.87
774,color_size,3365.59
774,color_size undo_redo,0
775,paths,2.65187
775,colors,0.630784
775,shadows,5.15072
775,frame_time_ms,8.43338
775,virtual_size,983.363
775,allocated_size,1513.87
775,color_size,3365.59
775,color_size undo_redo,0
776,paths,2.35603
776,colors,0.630784
776,shadows,5.40365
776,frame_time_ms,8.39046
776,virtual_size,983.363
776,allocated_size,1513.87
776,color_size,3365.59
776,color_size undo_redo,0
777,paths,3.01027
777,colors,0.632832
777,shadows,5.15862
777,frame_time_ms,8.80173
777,virtual_size,983.363
777,allocated_size,1513.87
777,color_size,3365.59
777,color_size undo_redo,0
778,paths,2.65933
778,colors,0.63584
778,shadows,4.76774
778,frame_time_ms,8.06291
778,virtual_size,983.363
778,allocated_size,1513.87
778,color_size,3365.59
778,color_size undo_redo,0
779,paths,2.35418
779,colors,0.638976
779,shadows,5.09229
779,frame_time_ms,8.08544
779,virtual_size,983.363
779,allocated_size,1513.87
779,color_size,3365.59
779,color_size undo_redo,0
780,paths,2.64086
780,colors,0.637888
780,shadows,5.41286
780,frame_time_ms,8.69162
780,virtual_size,983.363
780,allocated_size,1513.87
780,color_size,3365.59
780,color_size undo_redo,0
781,paths,2.63168
781,colors,0.62848
781,shadows,5.3953
781,frame_time_ms,8.65546
781,virtual_size,983.363
781,allocated_size,1513.87
781,color_size,3365.59
781,color_size undo_redo,0
782,paths,2.89997
782,colors,0.626688
782,shadows,5.16509
782,frame_time_ms,8.69174
782,virtual_size,983.363
782,allocated_size,1513.87
782,color_size,3365.59
782,color_size undo_redo,0
783,paths,2.57229
783,colors,0.612352
783,shadows,5.17011
783,frame_time_ms,8.35475
783,virtual_size,983.363
783,allocated_size,1513.87
783,color_size,3365.59
783,color_size undo_redo,0
784,paths,2.35418
784,colors,0.635712
784,shadows,5.10566
784,frame_time_ms,8.09555
784,virtual_size,983.363
784,allocated_size,1513.87
784,color_size,3365.59
784,color_size undo_redo,0
785,paths,2.39622
785,colors,0.642048
785,shadows,5.3289
785,frame_time_ms,8.36717
785,virtual_size,983.363
785,allocated_size,1513.87
785,color_size,3365.59
785,color_size undo_redo,0
786,paths,3.06688
786,colors,0.638976
786,shadows,5.29818
786,frame_time_ms,9.00403
786,virtual_size,983.363
786,allocated_size,1513.87
786,color_size,3365.59
786,color_size undo_redo,0
787,paths,2.79654
787,colors,0.647168
787,shadows,5.1497
787,frame_time_ms,8.59341
787,virtual_size,983.363
787,allocated_size,1513.87
787,color_size,3365.59
787,color_size undo_redo,0
788,paths,3.08634
788,colors,0.645056
788,shadows,5.07866
788,frame_time_ms,8.81005
788,virtual_size,983.363
788,allocated_size,1513.87
788,color_size,3365.59
788,color_size undo_redo,0
789,paths,2.76051
789,colors,0.641856
789,shadows,5.04115
789,frame_time_ms,8.44352
789,virtual_size,983.363
789,allocated_size,1513.87
789,color_size,3365.59
789,color_size undo_redo,0
790,paths,2.53107
790,colors,0.67072
790,shadows,4.7255
790,frame_time_ms,7.9273
790,virtual_size,983.363
790,allocated_size,1513.87
790,color_size,3365.59
790,color_size undo_redo,0
791,paths,2.58528
791,colors,0.666496
791,shadows,5.39341
791,frame_time_ms,8.64518
791,virtual_size,983.363
791,allocated_size,1513.87
791,color_size,3365.59
791,color_size undo_redo,0
792,paths,2.9225
792,colors,0.661504
792,shadows,5.34938
792,frame_time_ms,8.93338
792,virtual_size,983.363
792,allocated_size,1513.87
792,color_size,3365.59
792,color_size undo_redo,0
793,paths,2.92352
793,colors,0.667648
793,shadows,5.30022
793,frame_time_ms,8.89139
793,virtual_size,983.363
793,allocated_size,1513.87
793,color_size,3365.59
793,color_size undo_redo,0
794,paths,3.18259
794,colors,0.671552
794,shadows,5.17226
794,frame_time_ms,9.0264
794,virtual_size,983.363
794,allocated_size,1513.87
794,color_size,3365.59
794,color_size undo_redo,0
795,paths,3.49389
795,colors,0.678912
795,shadows,5.37789
795,frame_time_ms,9.55069
795,virtual_size,983.363
795,allocated_size,1513.87
795,color_size,3365.59
795,color_size undo_redo,0
796,paths,3.57171
796,colors,0.689152
796,shadows,5.30842
796,frame_time_ms,9.56928
796,virtual_size,983.363
796,allocated_size,1513.87
796,color_size,3365.59
796,color_size undo_redo,0
797,paths,3.30547
797,colors,0.684704
797,shadows,5.14048
797,frame_time_ms,9.13066
797,virtual_size,983.363
797,allocated_size,1513.87
797,color_size,3365.59
797,color_size undo_redo,0
798,paths,3.61779
798,colors,0.6912
798,shadows,5.29818
798,frame_time_ms,9.60717
798,virtual_size,983.363
798,allocated_size,1513.87
798,color_size,3365.59
798,color_size undo_redo,0
799,paths,3.66797
799,colors,0.746336
799,shadows,5.376
799,frame_time_ms,9.7903
799,virtual_size,983.363
799,allocated_size,1513.87
799,color_size,3365.59
799,color_size undo_redo,0
800,paths,3.75277
800,colors,0.7096
800,shadows,5.47738
800,frame_time_ms,9.93974
800,virtual_size,983.363
800,allocated_size,1513.87
800,color_size,3365.59
800,color_size undo_redo,0
801,paths,3.80192
801,colors,0.709632
801,shadows,5.45382
801,frame_time_ms,9.96538
801,virtual_size,983.363
801,allocated_size,1513.87
801,color_size,3365.59
801,color_size undo_redo,0
802,paths,3.80621
802,colors,0.704512
802,shadows,5.24374
802,frame_time_ms,9.75446
802,virtual_size,983.363
802,allocated_size,1513.87
802,color_size,3365.59
802,color_size undo_redo,0
803,paths,3.73318
803,colors,0.708608
803,shadows,5.19962
803,frame_time_ms,9.64141
803,virtual_size,983.363
803,allocated_size,1513.87
803,color_size,3365.59
803,color_size undo_redo,0
804,paths,3.73862
804,colors,0.715712
804,shadows,5.55418
804,frame_time_ms,10.0085
804,virtual_size,983.363
804,allocated_size,1513.87
804,color_size,3365.59
804,color_size undo_redo,0
805,paths,3.75296
805,colors,0.704512
805,shadows,5.17939
805,frame_time_ms,9.63686
805,virtual_size,983.363
805,allocated_size,1513.87
805,color_size,3365.59
805,color_size undo_redo,0
806,paths,3.64851
806,colors,0.697344
806,shadows,5.22752
806,frame_time_ms,9.57338
806,virtual_size,983.363
806,allocated_size,1513.87
806,color_size,3365.59
806,color_size undo_redo,0
807,paths,3.57274
807,colors,0.693248
807,shadows,5.52141
807,frame_time_ms,9.78739
807,virtual_size,983.363
807,allocated_size,1513.87
807,color_size,3365.59
807,color_size undo_redo,0
808,paths,3.04538
808,colors,0.688128
808,shadows,5.37498
808,frame_time_ms,9.10848
808,virtual_size,983.363
808,allocated_size,1513.87
808,color_size,3365.59
808,color_size undo_redo,0
809,paths,3.03514
809,colors,0.674656
809,shadows,5.13434
809,frame_time_ms,8.84413
809,virtual_size,983.363
809,allocated_size,1513.87
809,color_size,3365.59
809,color_size undo_redo,0
810,paths,3.1969
810,colors,0.669696
810,shadows,4.96026
810,frame_time_ms,8.82685
810,virtual_size,983.363
810,allocated_size,1513.87
810,color_size,3365.59
810,color_size undo_redo,0
811,paths,3.28909
811,colors,0.664288
811,shadows,4.56397
811,frame_time_ms,8.51734
811,virtual_size,983.363
811,allocated_size,1513.87
811,color_size,3365.59
811,color_size undo_redo,0
812,paths,2.78323
812,colors,0.664576
812,shadows,4.84045
812,frame_time_ms,8.28826
812,virtual_size,983.363
812,allocated_size,1513.87
812,color_size,3365.59
812,color_size undo_redo,0
813,paths,2.72691
813,colors,0.657408
813,shadows,4.97152
813,frame_time_ms,8.35584
813,virtual_size,983.363
813,allocated_size,1513.87
813,color_size,3365.59
813,color_size undo_redo,0
814,paths,3.3577
814,colors,0.6656
814,shadows,4.79309
814,frame_time_ms,8.81638
814,virtual_size,983.363
814,allocated_size,1513.87
814,color_size,3365.59
814,color_size undo_redo,0
815,paths,3.05459
815,colors,0.672768
815,shadows,5.11683
815,frame_time_ms,8.84419
815,virtual_size,983.363
815,allocated_size,1513.87
815,color_size,3365.59
815,color_size undo_redo,0
816,paths,3.01648
816,colors,0.676672
816,shadows,4.85786
816,frame_time_ms,8.55101
816,virtual_size,983.363
816,allocated_size,1513.87
816,color_size,3365.59
816,color_size undo_redo,0
817,paths,3.03104
817,colors,0.671648
817,shadows,4.74419
817,frame_time_ms,8.44688
817,virtual_size,983.363
817,allocated_size,1513.87
817,color_size,3365.59
817,color_size undo_redo,0
818,paths,2.67571
818,colors,0.6656
818,shadows,4.92339
818,frame_time_ms,8.2647
818,virtual_size,983.363
818,allocated_size,1513.87
818,color_size,3365.59
818,color_size undo_redo,0
819,paths,2.68083
819,colors,0.671744
819,shadows,5.13408
819,frame_time_ms,8.48666
819,virtual_size,983.363
819,allocated_size,1513.87
819,color_size,3365.59
819,color_size undo_redo,0
820,paths,3.28672
820,colors,0.669696
820,shadows,5.11386
820,frame_time_ms,9.07027
820,virtual_size,983.363
820,allocated_size,1513.87
820,color_size,3365.59
820,color_size undo_redo,0
821,paths,2.93245
821,colors,0.664512
821,shadows,4.80154
821,frame_time_ms,8.3985
821,virtual_size,983.363
821,allocated_size,1513.87
821,color_size,3365.59
821,color_size undo_redo,0
822,paths,3.20819
822,colors,0.666624
822,shadows,4.54144
822,frame_time_ms,8.41626
822,virtual_size,983.363
822,allocated_size,1513.87
822,color_size,3365.59
822,color_size undo_redo,0
823,paths,2.60813
823,colors,0.672768
823,shadows,4.87322
823,frame_time_ms,8.15411
823,virtual_size,983.363
823,allocated_size,1513.87
823,color_size,3365.59
823,color_size undo_redo,0
824,paths,2.60198
824,colors,0.667648
824,shadows,5.16381
824,frame_time_ms,8.43344
824,virtual_size,983.363
824,allocated_size,1513.87
824,color_size,3365.59
824,color_size undo_redo,0
825,paths,2.87232
825,colors,0.67584
825,shadows,5.10352
825,frame_time_ms,8.65168
825,virtual_size,983.363
825,allocated_size,1513.87
825,color_size,3365.59
825,color_size undo_redo,0
826,paths,2.82003
826,colors,0.667584
826,shadows,5.04419
826,frame_time_ms,8.53181
826,virtual_size,983.363
826,allocated_size,1513.87
826,color_size,3365.59
826,color_size undo_redo,0
827,paths,2.54976
827,colors,0.658432
827,shadows,4.53427
827,frame_time_ms,7.74246
827,virtual_size,983.363
827,allocated_size,1513.87
827,color_size,3365.59
827,color_size undo_redo,0
828,paths,2.52707
828,colors,0.656384
828,shadows,4.90678
828,frame_time_ms,8.09024
828,virtual_size,983.363
828,allocated_size,1513.87
828,color_size,3365.59
828,color_size undo_redo,0
829,paths,2.50368
829,colors,0.674816
829,shadows,5.17514
829,frame_time_ms,8.35363
829,virtual_size,983.363
829,allocated_size,1513.87
829,color_size,3365.59
829,color_size undo_redo,0
830,paths,3.2687
830,colors,0.667648
830,shadows,4.80458
830,frame_time_ms,8.74093
830,virtual_size,983.363
830,allocated_size,1513.87
830,color_size,3365.59
830,color_size undo_redo,0
831,paths,3.01158
831,colors,0.677888
831,shadows,4.79232
831,frame_time_ms,8.48179
831,virtual_size,983.363
831,allocated_size,1513.87
831,color_size,3365.59
831,color_size undo_redo,0
832,paths,2.80269
832,colors,0.689152
832,shadows,4.57728
832,frame_time_ms,8.06912
832,virtual_size,983.363
832,allocated_size,1513.87
832,color_size,3365.59
832,color_size undo_redo,0
833,paths,2.9655
833,colors,0.696128
833,shadows,5.03091
833,frame_time_ms,8.69254
833,virtual_size,983.363
833,allocated_size,1513.87
833,color_size,3365.59
833,color_size undo_redo,0
834,paths,3.00134
834,colors,0.697344
834,shadows,5.09645
834,frame_time_ms,8.79514
834,virtual_size,983.363
834,allocated_size,1513.87
834,color_size,3365.59
834,color_size undo_redo,0
835,paths,2.9225
835,colors,0.672608
835,shadows,5.01453
835,frame_time_ms,8.60963
835,virtual_size,983.363
835,allocated_size,1513.87
835,color_size,3365.59
835,color_size undo_redo,0
836,paths,2.93363
836,colors,0.6888
836,shadows,5.0688
836,frame_time_ms,8.69123
836,virtual_size,983.363
836,allocated_size,1513.87
836,color_size,3365.59
836,color_size undo_redo,0
837,paths,2.90806
837,colors,0.68176
837,shadows,5.28896
837,frame_time_ms,8.87878
837,virtual_size,983.363
837,allocated_size,1513.87
837,color_size,3365.59
837,color_size undo_redo,0
838,paths,3.2256
838,colors,0.676864
838,shadows,5.3145
838,frame_time_ms,9.21696
838,virtual_size,983.363
838,allocated_size,1513.87
838,color_size,3365.59
838,color_size undo_redo,0
839,paths,3.15494
839,colors,0.681984
839,shadows,5.29306
839,frame_time_ms,9.12998
839,virtual_size,983.363
839,allocated_size,1513.87
839,color_size,3365.59
839,color_size undo_redo,0
840,paths,3.24198
840,colors,0.678912
840,shadows,5.27872
840,frame_time_ms,9.19962
840,virtual_size,983.363
840,allocated_size,1513.87
840,color_size,3365.59
840,color_size undo_redo,0
841,paths,3.18157
841,colors,0.674816
841,shadows,5.1159
841,frame_time_ms,8.97229
841,virtual_size,983.363
841,allocated_size,1513.87
841,color_size,3365.59
841,color_size undo_redo,0
842,paths,3.4857
842,colors,0.684032
842,shadows,4.96106
842,frame_time_ms,9.13078
842,virtual_size,983.363
842,allocated_size,1513.87
842,color_size,3365.59
842,color_size undo_redo,0
843,paths,3.20102
843,colors,0.687968
843,shadows,5.15763
843,frame_time_ms,9.04662
843,virtual_size,983.363
843,allocated_size,1513.87
843,color_size,3365.59
843,color_size undo_redo,0
844,paths,2.76173
844,colors,0.67152
844,shadows,5.05856
844,frame_time_ms,8.49181
844,virtual_size,983.363
844,allocated_size,1513.87
844,color_size,3365.59
844,color_size undo_redo,0
845,paths,3.34131
845,colors,0.68096
845,shadows,4.69504
845,frame_time_ms,8.71731
845,virtual_size,983.363
845,allocated_size,1513.87
845,color_size,3365.59
845,color_size undo_redo,0
846,paths,3.08118
846,colors,0.688128
846,shadows,5.02352
846,frame_time_ms,8.79283
846,virtual_size,983.363
846,allocated_size,1513.87
846,color_size,3365.59
846,color_size undo_redo,0
847,paths,3.09965
847,colors,0.705536
847,shadows,5.25926
847,frame_time_ms,9.06445
847,virtual_size,983.363
847,allocated_size,1513.87
847,color_size,3365.59
847,color_size undo_redo,0
848,paths,3.47955
848,colors,0.683008
848,shadows,4.98995
848,frame_time_ms,9.15251
848,virtual_size,983.363
848,allocated_size,1513.87
848,color_size,3365.59
848,color_size undo_redo,0
849,paths,3.2327
849,colors,0.678848
849,shadows,5.29408
849,frame_time_ms,9.20563
849,virtual_size,983.363
849,allocated_size,1513.87
849,color_size,3365.59
849,color_size undo_redo,0
850,paths,2.92454
850,colors,0.658432
850,shadows,5.20493
850,frame_time_ms,8.7879
850,virtual_size,983.363
850,allocated_size,1513.87
850,color_size,3365.59
850,color_size undo_redo,0
851,paths,3.18259
851,colors,0.6632
851,shadows,5.03296
851,frame_time_ms,8.87875
851,virtual_size,983.363
851,allocated_size,1513.87
851,color_size,3365.59
851,color_size undo_redo,0
852,paths,2.97046
852,colors,0.698368
852,shadows,5.13434
852,frame_time_ms,8.80317
852,virtual_size,983.363
852,allocated_size,1513.87
852,color_size,3365.59
852,color_size undo_redo,0
853,paths,3.35366
853,colors,0.690176
853,shadows,5.21216
853,frame_time_ms,9.256
853,virtual_size,983.363
853,allocated_size,1513.87
853,color_size,3365.59
853,color_size undo_redo,0
854,paths,3.37306
854,colors,0.693056
854,shadows,5.32685
854,frame_time_ms,9.39296
854,virtual_size,983.363
854,allocated_size,1513.87
854,color_size,3365.59
854,color_size undo_redo,0
855,paths,3.27667
855,colors,0.652288
855,shadows,5.43744
855,frame_time_ms,9.3664
855,virtual_size,983.363
855,allocated_size,1513.87
855,color_size,3365.59
855,color_size undo_redo,0
856,paths,2.9911
856,colors,0.642784
856,shadows,5.08416
856,frame_time_ms,8.71805
856,virtual_size,983.363
856,allocated_size,1513.87
856,color_size,3365.59
856,color_size undo_redo,0
857,paths,2.93872
857,colors,0.623488
857,shadows,5.21184
857,frame_time_ms,8.77405
857,virtual_size,983.363
857,allocated_size,1513.87
857,color_size,3365.59
857,color_size undo_redo,0
858,paths,2.85798
858,colors,0.615424
858,shadows,5.12
858,frame_time_ms,8.59341
858,virtual_size,983.363
858,allocated_size,1513.87
858,color_size,3365.59
858,color_size undo_redo,0
859,paths,2.82931
859,colors,0.613248
859,shadows,4.73498
859,frame_time_ms,8.17754
859,virtual_size,983.363
859,allocated_size,1513.87
859,color_size,3365.59
859,color_size undo_redo,0
860,paths,2.81907
860,colors,0.601856
860,shadows,5.30227
860,frame_time_ms,8.7232
860,virtual_size,983.363
860,allocated_size,1513.87
860,color_size,3365.59
860,color_size undo_redo,0
861,paths,2.78502
861,colors,0.59872
861,shadows,4.90291
861,frame_time_ms,8.28666
861,virtual_size,983.363
861,allocated_size,1513.87
861,color_size,3365.59
861,color_size undo_redo,0
862,paths,3.13034
862,colors,0.593664
862,shadows,4.92749
862,frame_time_ms,8.65149
862,virtual_size,983.363
862,allocated_size,1513.87
862,color_size,3365.59
862,color_size undo_redo,0
863,paths,3.09248
863,colors,0.60592
863,shadows,5.11693
863,frame_time_ms,8.81533
863,virtual_size,983.363
863,allocated_size,1513.87
863,color_size,3365.59
863,color_size undo_redo,0
864,paths,3.17542
864,colors,0.5888
864,shadows,4.92442
864,frame_time_ms,8.68864
864,virtual_size,983.363
864,allocated_size,1513.87
864,color_size,3365.59
864,color_size undo_redo,0
865,paths,3.17747
865,colors,0.60416
865,shadows,4.94381
865,frame_time_ms,8.72544
865,virtual_size,983.363
865,allocated_size,1513.87
865,color_size,3365.59
865,color_size undo_redo,0
866,paths,3.18464
866,colors,0.6008
866,shadows,5.04627
866,frame_time_ms,8.83171
866,virtual_size,983.363
866,allocated_size,1513.87
866,color_size,3365.59
866,color_size undo_redo,0
867,paths,3.18976
867,colors,0.57856
867,shadows,4.8681
867,frame_time_ms,8.63642
867,virtual_size,983.363
867,allocated_size,1513.87
867,color_size,3365.59
867,color_size undo_redo,0
868,paths,2.87846
868,colors,0.594944
868,shadows,4.53222
868,frame_time_ms,8.00563
868,virtual_size,983.363
868,allocated_size,1513.87
868,color_size,3365.59
868,color_size undo_redo,0
869,paths,3.19974
869,colors,0.595808
869,shadows,4.80666
869,frame_time_ms,8.60221
869,virtual_size,983.363
869,allocated_size,1513.87
869,color_size,3365.59
869,color_size undo_redo,0
870,paths,3.23174
870,colors,0.600064
870,shadows,4.79846
870,frame_time_ms,8.63027
870,virtual_size,983.363
870,allocated_size,1513.87
870,color_size,3365.59
870,color_size undo_redo,0
871,paths,2.91021
871,colors,0.607232
871,shadows,5.08525
871,frame_time_ms,8.60269
871,virtual_size,983.363
871,allocated_size,1513.87
871,color_size,3365.59
871,color_size undo_redo,0
872,paths,2.90611
872,colors,0.601088
872,shadows,5.11078
872,frame_time_ms,8.61798
872,virtual_size,983.363
872,allocated_size,1513.87
872,color_size,3365.59
872,color_size undo_redo,0
873,paths,2.89178
873,colors,0.586752
873,shadows,5.0799
873,frame_time_ms,8.55843
873,virtual_size,983.363
873,allocated_size,1513.87
873,color_size,3365.59
873,color_size undo_redo,0
874,paths,2.83136
874,colors,0.600064
874,shadows,4.76672
874,frame_time_ms,8.19814
874,virtual_size,983.363
874,allocated_size,1513.87
874,color_size,3365.59
874,color_size undo_redo,0
875,paths,2.85286
875,colors,0.590848
875,shadows,5.01043
875,frame_time_ms,8.45414
875,virtual_size,983.363
875,allocated_size,1513.87
875,color_size,3365.59
875,color_size undo_redo,0
876,paths,3.20307
876,colors,0.590848
876,shadows,4.98176
876,frame_time_ms,8.77568
876,virtual_size,983.363
876,allocated_size,1513.87
876,color_size,3365.59
876,color_size undo_redo,0
877,paths,3.29114
877,colors,0.592896
877,shadows,4.78218
877,frame_time_ms,8.66621
877,virtual_size,983.363
877,allocated_size,1513.87
877,color_size,3365.59
877,color_size undo_redo,0
878,paths,3.22253
878,colors,0.608256
878,shadows,4.92621
878,frame_time_ms,8.75699
878,virtual_size,983.363
878,allocated_size,1513.87
878,color_size,3365.59
878,color_size undo_redo,0
879,paths,2.92214
879,colors,0.602112
879,shadows,4.95821
879,frame_time_ms,8.48246
879,virtual_size,983.363
879,allocated_size,1513.87
879,color_size,3365.59
879,color_size undo_redo,0
880,paths,3.29933
880,colors,0.605152
880,shadows,4.97869
880,frame_time_ms,8.88317
880,virtual_size,983.363
880,allocated_size,1513.87
880,color_size,3365.59
880,color_size undo_redo,0
881,paths,3.14982
881,colors,0.600864
881,shadows,4.96326
881,frame_time_ms,8.71395
881,virtual_size,983.363
881,allocated_size,1513.87
881,color_size,3365.59
881,color_size undo_redo,0
882,paths,3.20298
882,colors,0.610304
882,shadows,4.98688
882,frame_time_ms,8.80016
882,virtual_size,983.363
882,allocated_size,1513.87
882,color_size,3365.59
882,color_size undo_redo,0
883,paths,2.62218
883,colors,0.611328
883,shadows,4.94086
883,frame_time_ms,8.17437
883,virtual_size,983.363
883,allocated_size,1513.87
883,color_size,3365.59
883,color_size undo_redo,0
884,paths,2.57408
884,colors,0.591872
884,shadows,4.94285
884,frame_time_ms,8.1088
884,virtual_size,983.363
884,allocated_size,1513.87
884,color_size,3365.59
884,color_size undo_redo,0
885,paths,2.7351
885,colors,0.576288
885,shadows,5.07693
885,frame_time_ms,8.38832
885,virtual_size,983.363
885,allocated_size,1513.87
885,color_size,3365.59
885,color_size undo_redo,0
886,paths,2.82522
886,colors,0.60416
886,shadows,4.57318
886,frame_time_ms,8.00256
886,virtual_size,983.363
886,allocated_size,1513.87
886,color_size,3365.59
886,color_size undo_redo,0
887,paths,2.89485
887,colors,0.598016
887,shadows,4.75414
887,frame_time_ms,8.24701
887,virtual_size,983.363
887,allocated_size,1513.87
887,color_size,3365.59
887,color_size undo_redo,0
888,paths,2.79859
888,colors,0.612352
888,shadows,4.87299
888,frame_time_ms,8.28394
888,virtual_size,983.363
888,allocated_size,1513.87
888,color_size,3365.59
888,color_size undo_redo,0
889,paths,3.04026
889,colors,0.603136
889,shadows,4.59974
889,frame_time_ms,8.24314
889,virtual_size,983.363
889,allocated_size,1513.87
889,color_size,3365.59
889,color_size undo_redo,0
890,paths,2.50131
890,colors,0.60416
890,shadows,4.68483
890,frame_time_ms,7.7903
890,virtual_size,983.363
890,allocated_size,1513.87
890,color_size,3365.59
890,color_size undo_redo,0
891,paths,2.47808
891,colors,0.615296
891,shadows,5.02579
891,frame_time_ms,8.11917
891,virtual_size,983.363
891,allocated_size,1513.87
891,color_size,3365.59
891,color_size undo_redo,0
892,paths,3.12701
892,colors,0.612352
892,shadows,4.83635
892,frame_time_ms,8.57571
892,virtual_size,983.363
892,allocated_size,1513.87
892,color_size,3365.59
892,color_size undo_redo,0
893,paths,2.54963
893,colors,0.616448
893,shadows,4.43766
893,frame_time_ms,7.60374
893,virtual_size,983.363
893,allocated_size,1513.87
893,color_size,3365.59
893,color_size undo_redo,0
894,paths,2.57741
894,colors,0.617408
894,shadows,5.11693
894,frame_time_ms,8.31174
894,virtual_size,983.363
894,allocated_size,1513.87
894,color_size,3365.59
894,color_size undo_redo,0
895,paths,2.60915
895,colors,0.616448
895,shadows,5.13434
895,frame_time_ms,8.35994
895,virtual_size,983.363
895,allocated_size,1513.87
895,color_size,3365.59
895,color_size undo_redo,0
896,paths,3.27862
896,colors,0.615424
896,shadows,4.73293
896,frame_time_ms,8.62698
896,virtual_size,983.363
896,allocated_size,1513.87
896,color_size,3365.59
896,color_size undo_redo,0
897,paths,2.99818
897,colors,0.623616
897,shadows,4.72781
897,frame_time_ms,8.3496
897,virtual_size,983.363
897,allocated_size,1513.87
897,color_size,3365.59
897,color_size undo_redo,0
898,paths,2.67661
898,colors,0.60416
898,shadows,4.81478
898,frame_time_ms,8.09555
898,virtual_size,983.363
898,allocated_size,1513.87
898,color_size,3365.59
898,color_size undo_redo,0
899,paths,2.65114
899,colors,0.610304
899,shadows,5.11078
899,frame_time_ms,8.37222
899,virtual_size,983.363
899,allocated_size,1513.87
899,color_size,3365.59
899,color_size undo_redo,0
900,paths,2.88666
900,colors,0.601088
900,shadows,5.06982
900,frame_time_ms,8.55757
900,virtual_size,983.363
900,allocated_size,1513.87
900,color_size,3365.59
900,color_size undo_redo,0
901,paths,2.97882
901,colors,0.606208
901,shadows,5.11357
901,frame_time_ms,8.69859
901,virtual_size,983.363
901,allocated_size,1513.87
901,color_size,3365.59
901,color_size undo_redo,0
902,paths,2.92557
902,colors,0.605184
902,shadows,4.73987
902,frame_time_ms,8.27062
902,virtual_size,983.363
902,allocated_size,1513.87
902,color_size,3365.59
902,color_size undo_redo,0
903,paths,2.91914
903,colors,0.602112
903,shadows,4.49613
903,frame_time_ms,8.01738
903,virtual_size,983.363
903,allocated_size,1513.87
903,color_size,3365.59
903,color_size undo_redo,0
904,paths,2.6368
904,colors,0.598016
904,shadows,5.13712
904,frame_time_ms,8.37194
904,virtual_size,983.363
904,allocated_size,1513.87
904,color_size,3365.59
904,color_size undo_redo,0
905,paths,2.96317
905,colors,0.603136
905,shadows,5.10758
905,frame_time_ms,8.67389
905,virtual_size,983.363
905,allocated_size,1513.87
905,color_size,3365.59
905,color_size undo_redo,0
906,paths,3.31469
906,colors,0.611328
906,shadows,5.10659
906,frame_time_ms,9.03261
906,virtual_size,983.363
906,allocated_size,1513.87
906,color_size,3365.59
906,color_size undo_redo,0
907,paths,3.31654
907,colors,0.60928
907,shadows,4.81878
907,frame_time_ms,8.74461
907,virtual_size,983.363
907,allocated_size,1513.87
907,color_size,3365.59
907,color_size undo_redo,0
908,paths,2.9224
908,colors,0.609248
908,shadows,4.7913
908,frame_time_ms,8.32294
908,virtual_size,983.363
908,allocated_size,1513.87
908,color_size,3365.59
908,color_size undo_redo,0
909,paths,2.62656
909,colors,0.610304
909,shadows,4.81792
909,frame_time_ms,8.05478
909,virtual_size,983.363
909,allocated_size,1513.87
909,color_size,3365.59
909,color_size undo_redo,0
910,paths,2.56614
910,colors,0.598016
910,shadows,5.08301
910,frame_time_ms,8.24717
910,virtual_size,983.363
910,allocated_size,1513.87
910,color_size,3365.59
910,color_size undo_redo,0
911,paths,2.9399
911,colors,0.601088
911,shadows,5.09338
911,frame_time_ms,8.63437
911,virtual_size,983.363
911,allocated_size,1513.87
911,color_size,3365.59
911,color_size undo_redo,0
912,paths,2.93683
912,colors,0.603008
912,shadows,5.0688
912,frame_time_ms,8.60864
912,virtual_size,983.363
912,allocated_size,1513.87
912,color_size,3365.59
912,color_size undo_redo,0
913,paths,2.88768
913,colors,0.608256
913,shadows,5.03603
913,frame_time_ms,8.53197
913,virtual_size,983.363
913,allocated_size,1513.87
913,color_size,3365.59
913,color_size undo_redo,0
914,paths,2.94307
914,colors,0.617472
914,shadows,4.864
914,frame_time_ms,8.42454
914,virtual_size,983.363
914,allocated_size,1513.87
914,color_size,3365.59
914,color_size undo_redo,0
915,paths,2.69312
915,colors,0.615424
915,shadows,4.80768
915,frame_time_ms,8.11622
915,virtual_size,983.363
915,allocated_size,1513.87
915,color_size,3365.59
915,color_size undo_redo,0
916,paths,2.72282
916,colors,0.6144
916,shadows,5.05958
916,frame_time_ms,8.3968
916,virtual_size,983.363
916,allocated_size,1513.87
916,color_size,3365.59
916,color_size undo_redo,0
917,paths,3.02995
917,colors,0.631808
917,shadows,5.09235
917,frame_time_ms,8.75411
917,virtual_size,983.363
917,allocated_size,1513.87
917,color_size,3365.59
917,color_size undo_redo,0
918,paths,3.36794
918,colors,0.627712
918,shadows,4.83933
918,frame_time_ms,8.83498
918,virtual_size,983.363
918,allocated_size,1513.87
918,color_size,3365.59
918,color_size undo_redo,0
919,paths,3.09555
919,colors,0.620544
919,shadows,4.78106
919,frame_time_ms,8.49715
919,virtual_size,983.363
919,allocated_size,1513.87
919,color_size,3365.59
919,color_size undo_redo,0
920,paths,2.8416
920,colors,0.62464
920,shadows,4.38682
920,frame_time_ms,7.85306
920,virtual_size,983.363
920,allocated_size,1513.87
920,color_size,3365.59
920,color_size undo_redo,0
921,paths,2.87725
921,colors,0.626688
921,shadows,5.02886
921,frame_time_ms,8.5328
921,virtual_size,983.363
921,allocated_size,1513.87
921,color_size,3365.59
921,color_size undo_redo,0
922,paths,3.38637
922,colors,0.630784
922,shadows,4.68992
922,frame_time_ms,8.70707
922,virtual_size,983.363
922,allocated_size,1513.87
922,color_size,3365.59
922,color_size undo_redo,0
923,paths,3.9432
923,colors,0.641024
923,shadows,4.66022
923,frame_time_ms,9.24445
923,virtual_size,983.363
923,allocated_size,1513.87
923,color_size,3365.59
923,color_size undo_redo,0
924,paths,3.68342
924,colors,0.643072
924,shadows,4.69914
924,frame_time_ms,9.02563
924,virtual_size,983.363
924,allocated_size,1513.87
924,color_size,3365.59
924,color_size undo_redo,0
925,paths,3.06458
925,colors,0.641024
925,shadows,5.08416
925,frame_time_ms,8.78976
925,virtual_size,983.363
925,allocated_size,1513.87
925,color_size,3365.59
925,color_size undo_redo,0
926,paths,3.39661
926,colors,0.648064
926,shadows,4.80973
926,frame_time_ms,8.8544
926,virtual_size,983.363
926,allocated_size,1513.87
926,color_size,3365.59
926,color_size undo_redo,0
927,paths,3.1232
927,colors,0.658432
927,shadows,5.10544
927,frame_time_ms,8.88707
927,virtual_size,983.363
927,allocated_size,1513.87
927,color_size,3365.59
927,color_size undo_redo,0
928,paths,3.77648
928,colors,0.659232
928,shadows,4.81379
928,frame_time_ms,9.2495
928,virtual_size,983.363
928,allocated_size,1513.87
928,color_size,3365.59
928,color_size undo_redo,0
929,paths,3.88096
929,colors,0.659168
929,shadows,4.71654
929,frame_time_ms,9.25667
929,virtual_size,983.363
929,allocated_size,1513.87
929,color_size,3365.59
929,color_size undo_redo,0
930,paths,3.41078
930,colors,0.668704
930,shadows,4.8855
930,frame_time_ms,8.96499
930,virtual_size,983.363
930,allocated_size,1513.87
930,color_size,3365.59
930,color_size undo_redo,0
931,paths,3.39046
931,colors,0.661376
931,shadows,4.49331
931,frame_time_ms,8.54515
931,virtual_size,983.363
931,allocated_size,1513.87
931,color_size,3365.59
931,color_size undo_redo,0
932,paths,3.42016
932,colors,0.66048
932,shadows,4.86179
932,frame_time_ms,8.94243
932,virtual_size,983.363
932,allocated_size,1513.87
932,color_size,3365.59
932,color_size undo_redo,0
933,paths,3.16723
933,colors,0.66032
933,shadows,5.07494
933,frame_time_ms,8.9025
933,virtual_size,983.363
933,allocated_size,1513.87
933,color_size,3365.59
933,color_size undo_redo,0
934,paths,3.7929
934,colors,0.65536
934,shadows,4.87322
934,frame_time_ms,9.32147
934,virtual_size,983.363
934,allocated_size,1513.87
934,color_size,3365.59
934,color_size undo_redo,0
935,paths,3.72736
935,colors,0.66048
935,shadows,4.74525
935,frame_time_ms,9.13309
935,virtual_size,983.363
935,allocated_size,1513.87
935,color_size,3365.59
935,color_size undo_redo,0
936,paths,3.66182
936,colors,0.65616
936,shadows,4.83088
936,frame_time_ms,9.14886
936,virtual_size,983.363
936,allocated_size,1513.87
936,color_size,3365.59
936,color_size undo_redo,0
937,paths,3.60835
937,colors,0.654336
937,shadows,4.44621
937,frame_time_ms,8.7089
937,virtual_size,983.363
937,allocated_size,1513.87
937,color_size,3365.59
937,color_size undo_redo,0
938,paths,3.11482
938,colors,0.655296
938,shadows,4.78515
938,frame_time_ms,8.55526
938,virtual_size,983.363
938,allocated_size,1513.87
938,color_size,3365.59
938,color_size undo_redo,0
939,paths,3.11187
939,colors,0.650208
939,shadows,5.01453
939,frame_time_ms,8.77661
939,virtual_size,983.363
939,allocated_size,1513.87
939,color_size,3365.59
939,color_size undo_redo,0
940,paths,3.45702
940,colors,0.653312
940,shadows,5.07802
940,frame_time_ms,9.18835
940,virtual_size,983.363
940,allocated_size,1513.87
940,color_size,3365.59
940,color_size undo_redo,0
941,paths,3.70758
941,colors,0.657184
941,shadows,4.67968
941,frame_time_ms,9.04445
941,virtual_size,983.363
941,allocated_size,1513.87
941,color_size,3365.59
941,color_size undo_redo,0
942,paths,3.63613
942,colors,0.65024
942,shadows,5.00429
942,frame_time_ms,9.29066
942,virtual_size,983.363
942,allocated_size,1513.87
942,color_size,3365.59
942,color_size undo_redo,0
943,paths,3.28397
943,colors,0.66048
943,shadows,4.7575
943,frame_time_ms,8.70195
943,virtual_size,983.363
943,allocated_size,1513.87
943,color_size,3365.59
943,color_size undo_redo,0
944,paths,3.1273
944,colors,0.662304
944,shadows,4.83635
944,frame_time_ms,8.62595
944,virtual_size,983.363
944,allocated_size,1513.87
944,color_size,3365.59
944,color_size undo_redo,0
945,paths,3.13242
945,colors,0.647168
945,shadows,5.05642
945,frame_time_ms,8.836
945,virtual_size,983.363
945,allocated_size,1513.87
945,color_size,3365.59
945,color_size undo_redo,0
946,paths,3.74374
946,colors,0.65024
946,shadows,4.81485
946,frame_time_ms,9.20883
946,virtual_size,983.363
946,allocated_size,1513.87
946,color_size,3365.59
946,color_size undo_redo,0
947,paths,3.73248
947,colors,0.65024
947,shadows,4.6848
947,frame_time_ms,9.06752
947,virtual_size,983.363
947,allocated_size,1513.87
947,color_size,3365.59
947,color_size undo_redo,0
948,paths,3.74346
948,colors,0.652288
948,shadows,4.74608
948,frame_time_ms,9.14182
948,virtual_size,983.363
948,allocated_size,1513.87
948,color_size,3365.59
948,color_size undo_redo,0
949,paths,3.66899
949,colors,0.66048
949,shadows,5.05242
949,frame_time_ms,9.38189
949,virtual_size,983.363
949,allocated_size,1513.87
949,color_size,3365.59
949,color_size undo_redo,0
950,paths,3.70483
950,colors,0.64512
950,shadows,4.66842
950,frame_time_ms,9.01837
950,virtual_size,983.363
950,allocated_size,1513.87
950,color_size,3365.59
950,color_size undo_redo,0
951,paths,3.30445
951,colors,0.632832
951,shadows,4.63859
951,frame_time_ms,8.57587
951,virtual_size,983.363
951,allocated_size,1513.87
951,color_size,3365.59
951,color_size undo_redo,0
952,paths,3.10272
952,colors,0.646976
952,shadows,4.71357
952,frame_time_ms,8.46326
952,virtual_size,983.363
952,allocated_size,1513.87
952,color_size,3365.59
952,color_size undo_redo,0
953,paths,3.13037
953,colors,0.649216
953,shadows,4.95194
953,frame_time_ms,8.73152
953,virtual_size,983.363
953,allocated_size,1513.87
953,color_size,3365.59
953,color_size undo_redo,0
954,paths,3.67283
954,colors,0.654016
954,shadows,4.80154
954,frame_time_ms,9.12838
954,virtual_size,983.363
954,allocated_size,1513.87
954,color_size,3365.59
954,color_size undo_redo,0
955,paths,3.74755
955,colors,0.651936
955,shadows,4.66006
955,frame_time_ms,9.05955
955,virtual_size,983.363
955,allocated_size,1513.87
955,color_size,3365.59
955,color_size undo_redo,0
956,paths,3.64954
956,colors,0.657408
956,shadows,4.71411
956,frame_time_ms,9.02106
956,virtual_size,983.363
956,allocated_size,1513.87
956,color_size,3365.59
956,color_size undo_redo,0
957,paths,3.31674
957,colors,0.655072
957,shadows,4.39194
957,frame_time_ms,8.36374
957,virtual_size,983.363
957,allocated_size,1513.87
957,color_size,3365.59
957,color_size undo_redo,0
958,paths,3.12611
958,colors,0.64992
958,shadows,5.01248
958,frame_time_ms,8.78851
958,virtual_size,983.363
958,allocated_size,1513.87
958,color_size,3365.59
958,color_size undo_redo,0
959,paths,3.57171
959,colors,0.657408
959,shadows,4.82099
959,frame_time_ms,9.05011
959,virtual_size,983.363
959,allocated_size,1513.87
959,color_size,3365.59
959,color_size undo_redo,0
960,paths,3.16928
960,colors,0.66048
960,shadows,4.8241
960,frame_time_ms,8.65386
960,virtual_size,983.363
960,allocated_size,1513.87
960,color_size,3365.59
960,color_size undo_redo,0
961,paths,3.07798
961,colors,0.651968
961,shadows,4.74
961,frame_time_ms,8.46995
961,virtual_size,983.363
961,allocated_size,1513.87
961,color_size,3365.59
961,color_size undo_redo,0
962,paths,2.95725
962,colors,0.685056
962,shadows,4.75443
962,frame_time_ms,8.39674
962,virtual_size,983.363
962,allocated_size,1513.87
962,color_size,3365.59
962,color_size undo_redo,0
963,paths,2.7136
963,colors,0.664576
963,shadows,4.97664
963,frame_time_ms,8.35482
963,virtual_size,983.363
963,allocated_size,1513.87
963,color_size,3365.59
963,color_size undo_redo,0
964,paths,3.03309
964,colors,0.661472
964,shadows,4.77389
964,frame_time_ms,8.46845
964,virtual_size,983.363
964,allocated_size,1513.87
964,color_size,3365.59
964,color_size undo_redo,0
965,paths,3.1273
965,colors,0.658432
965,shadows,4.67222
965,frame_time_ms,8.45795
965,virtual_size,983.363
965,allocated_size,1513.87
965,color_size,3365.59
965,color_size undo_redo,0
966,paths,2.7
966,colors,0.64512
966,shadows,4.42573
966,frame_time_ms,7.77085
966,virtual_size,983.363
966,allocated_size,1513.87
966,color_size,3365.59
966,color_size undo_redo,0
967,paths,2.70109
967,colors,0.656384
967,shadows,5.0473
967,frame_time_ms,8.40477
967,virtual_size,983.363
967,allocated_size,1513.87
967,color_size,3365.59
967,color_size undo_redo,0
968,paths,3.00749
968,colors,0.656096
968,shadows,4.87117
968,frame_time_ms,8.53475
968,virtual_size,983.363
968,allocated_size,1513.87
968,color_size,3365.59
968,color_size undo_redo,0
969,paths,2.9993
969,colors,0.6632
969,shadows,4.992
969,frame_time_ms,8.6545
969,virtual_size,983.363
969,allocated_size,1513.87
969,color_size,3365.59
969,color_size undo_redo,0
970,paths,2.72691
970,colors,0.6552
970,shadows,4.43802
970,frame_time_ms,7.82013
970,virtual_size,983.363
970,allocated_size,1513.87
970,color_size,3365.59
970,color_size undo_redo,0
971,paths,2.72282
971,colors,0.651936
971,shadows,4.79526
971,frame_time_ms,8.17002
971,virtual_size,983.363
971,allocated_size,1513.87
971,color_size,3365.59
971,color_size undo_redo,0
972,paths,3.02387
972,colors,0.656384
972,shadows,4.83738
972,frame_time_ms,8.51763
972,virtual_size,983.363
972,allocated_size,1513.87
972,color_size,3365.59
972,color_size undo_redo,0
973,paths,3.35155
973,colors,0.65536
973,shadows,4.71654
973,frame_time_ms,8.72346
973,virtual_size,983.363
973,allocated_size,1513.87
973,color_size,3365.59
973,color_size undo_redo,0
974,paths,2.70947
974,colors,0.667648
974,shadows,4.45203
974,frame_time_ms,7.82915
974,virtual_size,983.363
974,allocated_size,1513.87
974,color_size,3365.59
974,color_size undo_redo,0
975,paths,2.72262
975,colors,0.667648
975,shadows,4.79642
975,frame_time_ms,8.18669
975,virtual_size,983.363
975,allocated_size,1513.87
975,color_size,3365.59
975,color_size undo_redo,0
976,paths,3.0167
976,colors,0.677856
976,shadows,5.0184
976,frame_time_ms,8.71296
976,virtual_size,983.363
976,allocated_size,1513.87
976,color_size,3365.59
976,color_size undo_redo,0
977,paths,3.32083
977,colors,0.661504
977,shadows,4.67149
977,frame_time_ms,8.65382
977,virtual_size,983.363
977,allocated_size,1513.87
977,color_size,3365.59
977,color_size undo_redo,0
978,paths,3.35258
978,colors,0.661504
978,shadows,4.80842
978,frame_time_ms,8.8225
978,virtual_size,983.363
978,allocated_size,1513.87
978,color_size,3365.59
978,color_size undo_redo,0
979,paths,2.98189
979,colors,0.668672
979,shadows,4.99098
979,frame_time_ms,8.64154
979,virtual_size,983.363
979,allocated_size,1513.87
979,color_size,3365.59
979,color_size undo_redo,0
980,paths,2.71565
980,colors,0.672768
980,shadows,4.40115
980,frame_time_ms,7.78957
980,virtual_size,983.363
980,allocated_size,1513.87
980,color_size,3365.59
980,color_size undo_redo,0
981,paths,2.93056
981,colors,0.663552
981,shadows,4.75126
981,frame_time_ms,8.34538
981,virtual_size,983.363
981,allocated_size,1513.87
981,color_size,3365.59
981,color_size undo_redo,0
982,paths,3.04742
982,colors,0.656384
982,shadows,4.98586
982,frame_time_ms,8.68966
982,virtual_size,983.363
982,allocated_size,1513.87
982,color_size,3365.59
982,color_size undo_redo,0
983,paths,3.35123
983,colors,0.657248
983,shadows,4.82474
983,frame_time_ms,8.83322
983,virtual_size,983.363
983,allocated_size,1513.87
983,color_size,3365.59
983,color_size undo_redo,0
984,paths,3.29626
984,colors,0.660416
984,shadows,4.81069
984,frame_time_ms,8.76736
984,virtual_size,983.363
984,allocated_size,1513.87
984,color_size,3365.59
984,color_size undo_redo,0
985,paths,2.70432
985,colors,0.666624
985,shadows,4.72576
985,frame_time_ms,8.0967
985,virtual_size,983.363
985,allocated_size,1513.87
985,color_size,3365.59
985,color_size undo_redo,0
986,paths,2.70336
986,colors,0.65824
986,shadows,4.7657
986,frame_time_ms,8.1273
986,virtual_size,983.363
986,allocated_size,1513.87
986,color_size,3365.59
986,color_size undo_redo,0
987,paths,2.70298
987,colors,0.666624
987,shadows,5.01043
987,frame_time_ms,8.38003
987,virtual_size,983.363
987,allocated_size,1513.87
987,color_size,3365.59
987,color_size undo_redo,0
988,paths,3.33005
988,colors,0.662528
988,shadows,4.93158
988,frame_time_ms,8.92416
988,virtual_size,983.363
988,allocated_size,1513.87
988,color_size,3365.59
988,color_size undo_redo,0
989,paths,3.29216
989,colors,0.658432
989,shadows,4.67046
989,frame_time_ms,8.62106
989,virtual_size,983.363
989,allocated_size,1513.87
989,color_size,3365.59
989,color_size undo_redo,0
990,paths,3.26931
990,colors,0.661504
990,shadows,4.76262
990,frame_time_ms,8.69344
990,virtual_size,983.363
990,allocated_size,1513.87
990,color_size,3365.59
990,color_size undo_redo,0
991,paths,2.67776
991,colors,0.659456
991,shadows,4.69197
991,frame_time_ms,8.02918
991,virtual_size,983.363
991,allocated_size,1513.87
991,color_size,3365.59
991,color_size undo_redo,0
992,paths,2.94912
992,colors,0.66128
992,shadows,4.75546
992,frame_time_ms,8.36586
992,virtual_size,983.363
992,allocated_size,1513.87
992,color_size,3365.59
992,color_size undo_redo,0
993,paths,2.69194
993,colors,0.657408
993,shadows,4.98893
993,frame_time_ms,8.33827
993,virtual_size,983.363
993,allocated_size,1513.87
993,color_size,3365.59
993,color_size undo_redo,0
994,paths,3.28803
994,colors,0.661504
994,shadows,4.70099
994,frame_time_ms,8.65053
994,virtual_size,983.363
994,allocated_size,1513.87
994,color_size,3365.59
994,color_size undo_redo,0
995,paths,3.05254
995,colors,0.6656
995,shadows,4.8128
995,frame_time_ms,8.53094
995,virtual_size,983.363
995,allocated_size,1513.87
995,color_size,3365.59
995,color_size undo_redo,0
996,paths,2.71565
996,colors,0.662496
996,shadows,4.80358
996,frame_time_ms,8.18173
996,virtual_size,983.363
996,allocated_size,1513.87
996,color_size,3365.59
996,color_size undo_redo,0
997,paths,2.95936
997,colors,0.658432
997,shadows,4.80845
997,frame_time_ms,8.42624
997,virtual_size,983.363
997,allocated_size,1513.87
997,color_size,3365.59
997,color_size undo_redo,0
